Modifier Type,Modifier,Suggestion,Language,Region,Keyword,Search Volume,Cost Per Click
Alphabeticals,a,tribit audifonos,en,us,tribit,10,0
Alphabeticals,a,tribit aquaease,en,us,tribit,30,0
Alphabeticals,a,tribit airpods,en,us,tribit,10,0
Alphabeticals,a,tribit aquaease bluetooth shower speaker,en,us,tribit,10,0
Alphabeticals,a,tribit aquaease bluetooth speaker,en,us,tribit,,
Alphabeticals,a,tribit almond stick,en,us,tribit,,
Alphabeticals,a,tribit altavoz,en,us,tribit,10,0
Alphabeticals,a,tribit auriculares,en,us,tribit,,
Alphabeticals,a,tribit altavoz bluetooth stormbox blast 2,en,us,tribit,,
Alphabeticals,a,tribit audio stormbox micro 2,en,us,tribit,20,0
Alphabeticals,b,tribit bluetooth speaker,en,us,tribit,480,0.65
Alphabeticals,b,tribit blast,en,us,tribit,90,0.35
Alphabeticals,b,tribit bluetooth headphones,en,us,tribit,40,1.1
Alphabeticals,b,tribit bluetooth,en,us,tribit,30,0.4
Alphabeticals,b,tribit blast 2,en,us,tribit,10,0.37
Alphabeticals,b,tribit bluetooth earbuds,en,us,tribit,10,0
Alphabeticals,b,tribit bluetooth speaker stormbox,en,us,tribit,,
Alphabeticals,b,tribit boombox,en,us,tribit,30,0.7
Alphabeticals,b,tribit bluetooth speaker waterproof,en,us,tribit,,
Alphabeticals,b,tribit bike speaker,en,us,tribit,10,0
Alphabeticals,c,tribit charging cable,en,us,tribit,,
Alphabeticals,c,tribit call elite 81 headset,en,us,tribit,,
Alphabeticals,c,tribit c1,en,us,tribit,20,0.36
Alphabeticals,c,tribit c1 pro,en,us,tribit,10,0.44
Alphabeticals,c,tribit call elite 83 headset,en,us,tribit,,
Alphabeticals,c,tribit case,en,us,tribit,10,0
Alphabeticals,c,tribit charger for maxsound plus,en,us,tribit,,
Alphabeticals,c,tribit charger,en,us,tribit,20,0
Alphabeticals,c,tribit cover,en,us,tribit,,
Alphabeticals,c,tribit cd player,en,us,tribit,,
Alphabeticals,e,tribit earbuds,en,us,tribit,12100,0.63
Alphabeticals,e,tribit earbuds flybuds 3,en,us,tribit,,
Alphabeticals,e,tribit ear buds,en,us,tribit,12100,0.33
Alphabeticals,e,tribit earbuds wireless bluetooth,en,us,tribit,,
Alphabeticals,e,tribit earbuds case,en,us,tribit,,
Alphabeticals,e,tribit earbuds replacement,en,us,tribit,,
Alphabeticals,e,tribit earphones,en,us,tribit,20,0
Alphabeticals,e,tribit earfins,en,us,tribit,,
Alphabeticals,e,tribit ear fins,en,us,tribit,,
Alphabeticals,e,tribit earbuds c1 pro,en,us,tribit,,
Alphabeticals,f,tribit flybuds 3,en,us,tribit,720,0.68
Alphabeticals,f,tribit flybuds,en,us,tribit,110,0.69
Alphabeticals,f,tribit flybuds c1,en,us,tribit,110,0.37
Alphabeticals,f,tribit flow,en,us,tribit,10,0
Alphabeticals,f,tribit flybuds c2,en,us,tribit,50,0.59
Alphabeticals,f,tribit flybuds c1 pro,en,us,tribit,30,0.33
Alphabeticals,f,tribit flybuds c1 pro btha2,en,us,tribit,,
Alphabeticals,f,tribit flybuds 3 case,en,us,tribit,10,0
Alphabeticals,f,tribit fly buds 3,en,us,tribit,590,0.31
Alphabeticals,f,tribit flybuds c1 case,en,us,tribit,10,0
Alphabeticals,g,tribit go,en,us,tribit,10,0
Alphabeticals,h,tribit headphones,en,us,tribit,8100,0.36
Alphabeticals,h,tribit headphones over ear,en,us,tribit,,
Alphabeticals,h,tribit h1,en,us,tribit,30,0.43
Alphabeticals,h,tribit headset,en,us,tribit,10,0
Alphabeticals,h,tribit headphones cushion,en,us,tribit,10,0
Alphabeticals,h,tribit home speaker,en,us,tribit,10,0
Alphabeticals,h,tribit headphones earpads,en,us,tribit,,
Alphabeticals,h,tribit headphones wireless bluetooth,en,us,tribit,,
Alphabeticals,h,tribit headphones over ear ic-bth70,en,us,tribit,,
Alphabeticals,h,tribit h1 earbuds,en,us,tribit,,
Alphabeticals,m,tribit micro 2,en,us,tribit,210,0.46
Alphabeticals,m,tribit maxsound plus,en,us,tribit,390,0.51
Alphabeticals,m,tribit movebuds h1,en,us,tribit,140,0.73
Alphabeticals,m,tribit micro,en,us,tribit,40,0.67
Alphabeticals,m,tribit micro 3,en,us,tribit,40,0.69
Alphabeticals,m,tribit mini,en,us,tribit,20,0.41
Alphabeticals,m,tribit movebuds,en,us,tribit,30,0.98
Alphabeticals,m,tribit maxsound plus 2,en,us,tribit,10,0
Alphabeticals,m,tribit maxsound,en,us,tribit,30,0.34
Alphabeticals,m,tribit maxsound plus portable bluetooth speaker,en,us,tribit,10,0
Alphabeticals,p,tribit portable bluetooth speaker,en,us,tribit,10,0
Alphabeticals,p,tribit portable bluetooth speaker xsound plus 2,en,us,tribit,,
Alphabeticals,p,tribit portable bluetooth,en,us,tribit,,
Alphabeticals,p,tribit pro,en,us,tribit,10,0
Alphabeticals,p,tribit power cord,en,us,tribit,,
Alphabeticals,p,tribit portable speaker,en,us,tribit,50,0.42
Alphabeticals,p,"tribit portable bluetooth speaker stormbox mini, 12w wireless speaker",en,us,tribit,,
Alphabeticals,p,tribit portable bluetooth speaker xsound plus 2 charger,en,us,tribit,,
Alphabeticals,p,tribit parlante,en,us,tribit,10,0
Alphabeticals,p,tribit portable speakers bluetooth wireless,en,us,tribit,,
Alphabeticals,q,tribit quietplus 72,en,us,tribit,12100,0
Alphabeticals,q,tribit quiet plus,en,us,tribit,20,0
Alphabeticals,q,tribit quietplus 50,en,us,tribit,20,2.92
Alphabeticals,q,tribit quiet plus 72 headphones,en,us,tribit,,
Alphabeticals,q,tribit quiet plus 72,en,us,tribit,10,0
Alphabeticals,q,tribit quietplus 78,en,us,tribit,10,0
Alphabeticals,q,tribit quiet plus 50,en,us,tribit,10,0
Alphabeticals,q,tribit quietplus,en,us,tribit,30,0.53
Alphabeticals,q,tribit quietplus 85,en,us,tribit,,
Alphabeticals,q,tribit quietplus active noise cancelling headphones,en,us,tribit,10,0
Alphabeticals,s,tribit speaker,en,us,tribit,1900,0.6
Alphabeticals,s,tribit stormbox blast 2,en,us,tribit,590,0.78
Alphabeticals,s,tribit stormbox micro 2,en,us,tribit,1300,0.94
Alphabeticals,s,tribit stormbox blast,en,us,tribit,2900,1.04
Alphabeticals,s,tribit stormbox 2,en,us,tribit,390,0.44
Alphabeticals,s,tribit stormbox mini,en,us,tribit,110,0.68
Alphabeticals,s,tribit stormbox pro,en,us,tribit,390,0.69
Alphabeticals,s,tribit stormbox micro,en,us,tribit,320,0.84
Alphabeticals,s,tribit stormbox flow,en,us,tribit,210,0.55
Alphabeticals,s,tribit stormbox micro 2 case,en,us,tribit,10,0
Alphabeticals,w,tribit wireless earbuds,en,us,tribit,90,0.54
Alphabeticals,w,tribit wireless headphones,en,us,tribit,30,2.06
Alphabeticals,w,tribit wireless headset,en,us,tribit,,
Alphabeticals,w,"tribit wireless earbuds, 110h playtime bluetooth 5.3",en,us,tribit,,
Alphabeticals,w,tribit white,en,us,tribit,,
Alphabeticals,w,tribit wireless earbuds ipx8,en,us,tribit,,
Alphabeticals,w,tribit waterproof speaker,en,us,tribit,10,0.65
Alphabeticals,w,tribit waterproof bluetooth speaker,en,us,tribit,10,0
Alphabeticals,w,tribit wireless speaker,en,us,tribit,20,0
Alphabeticals,w,"tribit wireless earbuds, 110h",en,us,tribit,,
Alphabeticals,x,tribit xsound go,en,us,tribit,1000,0.47
Alphabeticals,x,tribit xsound plus 2,en,us,tribit,210,0.5
Alphabeticals,x,tribit xsound mega,en,us,tribit,90,0.83
Alphabeticals,x,tribit xsound,en,us,tribit,70,0.22
Alphabeticals,x,tribit xsound go bluetooth speaker,en,us,tribit,50,0.26
Alphabeticals,x,tribit x sound plus 2,en,us,tribit,,
Alphabeticals,x,tribit x sound go speaker,en,us,tribit,,
Alphabeticals,x,tribit xsound go case,en,us,tribit,10,0
Alphabeticals,x,tribit xfree headphones,en,us,tribit,10,0
Alphabeticals,x,tribit x free tune headphones,en,us,tribit,,
Numbers,2,tribit 2,en,us,tribit,20,0
Related,,tribit xfree go,en,us,tribit,,
Related,,tribit headphones,en,us,tribit,8100,0.36
Related,,tribit xfree tune price,en,us,tribit,,
Related,,tribit stormbox blast,en,us,tribit,2900,1.04
Related,,tribit,en,us,tribit,2400,0.43
Related,,tribit speakers,en,us,tribit,,
Related,,tribit stormbox,en,us,tribit,,
Related,,tribit stormbox micro 2,en,us,tribit,1300,0.94
Related,,tribit xfree tune headphones,en,us,tribit,,
Related,,tribit xsound go,en,us,tribit,1000,0.47
Related,,tribit xfree go review,en,us,tribit,,
Related,,tribit xfree tune replacement ear pads,en,us,tribit,,
Related,,tribit flybuds 3,en,us,tribit,720,0.68
Related,,tribit stormbox blast 2,en,us,tribit,590,0.78
Related,,tribit bluetooth speakers,en,us,tribit,,
Related,,tribit earbud,en,us,tribit,,
Related,,tribit bt speaker,en,us,tribit,,
Related,,tribit headphone,en,us,tribit,,
Related,,tribit earbuds,en,us,tribit,12100,0.63
Related,,tribit stormbox pro,en,us,tribit,390,0.69
Related,,tribit maxsound plus,en,us,tribit,390,0.51
Related,,tribit stormbox 2,en,us,tribit,390,0.44
Related,,tribit stormbox micro,en,us,tribit,320,0.84
Related,,best tribit speaker,en,us,tribit,,
Related,,tribit stormbox blast review,en,us,tribit,,
Related,,tribit micro 2,en,us,tribit,210,0.46
Related,,tribit stormbox flow,en,us,tribit,210,0.55
Related,,tribit xsound plus 2,en,us,tribit,210,0.5
Related,,tribit stormbox blast portable speaker 90w,en,us,tribit,,
Related,,tribit movebuds h1,en,us,tribit,140,0.73
Related,,tribit flybud,en,us,tribit,,
Related,,tribit stormbox mini,en,us,tribit,110,0.68
Related,,tribit stormbox charger,en,us,tribit,,
Related,,tribit flybuds c1,en,us,tribit,110,0.37
Related,,tribit xsound go manual,en,us,tribit,,
Related,,tribit upgraded version xsound go 16w 5.0 bluetooth speaker,en,us,tribit,,
Related,,tribit stormbox micro 3,en,us,tribit,,
Related,,tribit flybuds 3 manual,en,us,tribit,,
Related,,tribit xsound mega,en,us,tribit,90,0.83
Related,,tribit blast,en,us,tribit,90,0.35
Related,,tribit wireless earbuds,en,us,tribit,90,0.54
Related,,tribit xfree tune,en,us,tribit,,
Related,,tribit app,en,us,tribit,,
Related,,tribit stormbox micro 2 review,en,us,tribit,,
Related,,tribit speaker charger,en,us,tribit,,
Related,,tribit stormbox blast vs jbl boombox 3,en,us,tribit,,
Related,,tribit stormbox blast portable speaker,en,us,tribit,,
Related,,tribit stormbox flow review,en,us,tribit,,
Related,,tribit stormbox review,en,us,tribit,,
Related,,tribit xsound,en,us,tribit,70,0.22
Related,,tribit flybuds 3 reviews,en,us,tribit,,
Related,,tribit xsound go review,en,us,tribit,,
Related,,how to pair tribit earbuds,en,us,tribit,,
Related,,tribit stormbox blast vs soundcore motion boom plus,en,us,tribit,,
Related,,tribit maxsound plus review,en,us,tribit,,
Related,,tribit speakers review,en,us,tribit,,
Related,,tribit stormbox blast reddit,en,us,tribit,,
Related,,how to connect tribit earbuds,en,us,tribit,,
Related,,tribit stormbox app,en,us,tribit,,
Related,,tribit portable speaker,en,us,tribit,50,0.42
Related,,tribit soundbar,en,us,tribit,,
Related,,tribit earbuds pairing,en,us,tribit,,
Related,,tribit flybuds 3 pairing,en,us,tribit,,
Related,,how to pair tribit speaker,en,us,tribit,,
Related,,tribit flybuds c2,en,us,tribit,50,0.59
Related,,tribit xsound go bluetooth speakers,en,us,tribit,,
Related,,tribit speaker pairing,en,us,tribit,,
Related,,best tribit bluetooth speaker,en,us,tribit,,
Related,,tribit stormbox blast vs jbl xtreme 3,en,us,tribit,,
Related,,tribit stormbox 2 review,en,us,tribit,,
Related,,tribit micro,en,us,tribit,40,0.67
Related,,tribit stormbox pro review,en,us,tribit,,
Related,,tribit bluetooth headphones,en,us,tribit,40,1.1
Related,,tribit vs jbl,en,us,tribit,,
Related,,tribit micro 3,en,us,tribit,40,0.69
Related,,how to pair tribit flybuds 3,en,us,tribit,,
Related,,tribit headphones amazon,en,us,tribit,,
Related,,tribit speaker not charging,en,us,tribit,,
Related,,how to charge tribit speaker,en,us,tribit,,
Related,,tribit xsound go speaker,en,us,tribit,,
Related,,tribit xsound go app,en,us,tribit,,
Related,,tribit stormbox bluetooth speaker,en,us,tribit,,
Related,,tribit coupon code,en,us,tribit,,
Related,,tribit maxsound plus teardown,en,us,tribit,,
Related,,tribit customer service,en,us,tribit,,
Related,,tribit stormbox micro 2 reddit,en,us,tribit,,
Related,,soundcore motion boom plus vs tribit stormbox blast,en,us,tribit,,
Related,,how to pair tribit speakers together,en,us,tribit,,
Related,,tribit wireless headphones,en,us,tribit,30,2.06
Related,,tribit stormbox micro 2 portable speaker,en,us,tribit,,
Related,,tribit bluetooth speaker xsound go speaker,en,us,tribit,,
Related,,tribit review,en,us,tribit,,
Related,,tribit stormbox vs jbl flip 5,en,us,tribit,,
Related,,tribit stormbox micro 2 price,en,us,tribit,,
Related,,tribit stormbox micro 2 vs jbl clip 4,en,us,tribit,,
Related,,tribit thunderbox plus,en,us,tribit,,
Related,,tribit boombox,en,us,tribit,30,0.7
Related,,tribit xsound plus,en,us,tribit,,
Related,,tribit xsound plus 2 review,en,us,tribit,,
Related,,pairing tribit earbuds,en,us,tribit,,
Related,,tribit aquaease,en,us,tribit,30,0
Related,,tribit flybuds c1 reviews,en,us,tribit,,
Related,,tribit stereo mode,en,us,tribit,,
Related,,tribit flybuds c1 pro,en,us,tribit,30,0.33
Related,,tribit headphones pairing,en,us,tribit,,
Related,,tribit h1,en,us,tribit,30,0.43
Related,,tribit movebuds h1 review,en,us,tribit,,
Related,,tribit wireless earbuds review,en,us,tribit,,
Related,,tribit movebuds h1 wireless earbuds,en,us,tribit,,
Related,,tribit sound go,en,us,tribit,,
Related,,jbl boombox 3 vs tribit stormbox blast,en,us,tribit,,
Related,,tribit bluetooth,en,us,tribit,30,0.4
Related,,tribit movebuds,en,us,tribit,30,0.98
Related,,tribit bluetooth speaker review,en,us,tribit,,
Related,,tribit xsound go charging light,en,us,tribit,,
Related,,tribit maxsound,en,us,tribit,30,0.34
Related,,tribit upgraded stormbox pro,en,us,tribit,,
Related,,tribit xsound go charger,en,us,tribit,,
Related,,tribit pairing mode,en,us,tribit,,
Related,,tribit earbuds review,en,us,tribit,,
Related,,how to connect tribit bluetooth speaker,en,us,tribit,,
Related,,tribit vs soundcore,en,us,tribit,,
Related,,tribit flybuds 1,en,us,tribit,,
Related,,how to reset tribit speaker,en,us,tribit,,
Related,,tribit amazon,en,us,tribit,,
Related,,tribit audio stormbox micro 2,en,us,tribit,20,0
Related,,tribit wireless speaker,en,us,tribit,20,0
Related,,tribit wikipedia,en,us,tribit,,
Related,,tribit earphones,en,us,tribit,20,0
Related,,how to connect tribit earbuds to iphone,en,us,tribit,,
Related,,tribit bluetooth speaker xsound go,en,us,tribit,,
Related,,tribit quietplus 50,en,us,tribit,20,2.92
Related,,tribit flybuds 3 not pairing,en,us,tribit,,
Related,,tribit quiet plus,en,us,tribit,20,0
Related,,tribit xsound go pairing,en,us,tribit,,
Related,,how to connect tribit speaker,en,us,tribit,,
Related,,tribit mini,en,us,tribit,20,0.41
Related,,bluetooth speaker tribit,en,us,tribit,,
Related,,tribit thunderbox micro,en,us,tribit,,
Related,,tribit speaker manual,en,us,tribit,,
Related,,tribit maxboom,en,us,tribit,,
Related,,tribit xsound go battery replacement,en,us,tribit,,
Related,,tribit promo code,en,us,tribit,,
Related,,motion boom plus vs tribit stormbox blast,en,us,tribit,,
Related,,tribit quietplus review,en,us,tribit,,
Related,,tribit 40w,en,us,tribit,,
Related,,tribit teardown,en,us,tribit,,
Related,,tribit anker,en,us,tribit,,
Related,,tribit jbl,en,us,tribit,,
Related,,tribit xsound go vs xsound plus 2,en,us,tribit,,
Related,,tribit qualcomm qcc3040,en,us,tribit,,
Related,,tribit vs jbl flip 5,en,us,tribit,,
Related,,tribit vs earfun,en,us,tribit,,
Related,,tribit flow,en,us,tribit,10,0
Related,,tribit true wireless earbuds,en,us,tribit,,
Related,,tribit upgraded version stormbox pro bluetooth speaker 40w,en,us,tribit,,
Related,,tribit go headphones,en,us,tribit,,
Related,,tribit app for windows,en,us,tribit,,
Related,,tribit wireless headphones instructions,en,us,tribit,,
Related,,tribit ipx7,en,us,tribit,,
Related,,tribit flow vs bose flex,en,us,tribit,,
Related,,ลําโพงบลูทูธ tribit,en,us,tribit,,
Related,,tribit romania,en,us,tribit,,
Related,,tribit origin country,en,us,tribit,,
Related,,tribit quietplus anc headphones,en,us,tribit,,
Related,,tribit vs marshall,en,us,tribit,,
Related,,tribit stormbox 2 vs jbl flip 6,en,us,tribit,,
Related,,jbl clip 4 vs tribit xsound go,en,us,tribit,,
Related,,tribit xfree go over ear bluetooth headphones,en,us,tribit,,
Related,,tribit philippines,en,us,tribit,,
Related,,tribit kolac,en,us,tribit,,
Related,,tribit origin,en,us,tribit,,
Related,,tribit company,en,us,tribit,,
Related,,tribit service center near me,en,us,tribit,,
Related,,tribit 360 sound speaker,en,us,tribit,,
Related,,tribit blast 2,en,us,tribit,10,0.37
Related,,tribit warranty claim,en,us,tribit,,
Related,,tribit 360 speaker,en,us,tribit,,
Related,,tribit plus,en,us,tribit,,
Related,,tribit 16w speaker,en,us,tribit,,
Related,,tribit outdoor portable bluetooth speaker,en,us,tribit,,
Related,,tribit technologies,en,us,tribit,,
Related,,tribit xfree go vs xfree tune,en,us,tribit,,
Related,,tribit xfree go wireless headphones,en,us,tribit,,
Related,,tribit 24w bluetooth speaker review,en,us,tribit,,
Related,,tribit flybuds c1 manual,en,us,tribit,,
Related,,tribit apk,en,us,tribit,,
Related,,tribit vs tronsmart,en,us,tribit,,
Related,,tribit xfree go specs,en,us,tribit,,
Related,,tribit flybuds 3 app,en,us,tribit,,
Related,,tribit 16w,en,us,tribit,,
Related,,tribit over ear headphones,en,us,tribit,,
Related,,best bluetooth speaker tribit,en,us,tribit,,
Related,,tribit israel,en,us,tribit,,
Related,,tribit vs jbl boombox 3,en,us,tribit,,
Related,,tribit 90 вт stormbox blast,en,us,tribit,,
Related,,tribit youtube,en,us,tribit,,
Related,,tribit kopfhörer,en,us,tribit,,
Related,,tribit 16w vs 24w,en,us,tribit,,
Related,,tribit stormbox pro vs jbl charge 5,en,us,tribit,,
Related,,tribit xsound go 16w,en,us,tribit,,
Related,,tribit 24w bluetooth speaker,en,us,tribit,,
Related,,tribit xfree go cushion,en,us,tribit,,
Related,,tribit stormbox micro vs jbl go 3,en,us,tribit,,
Related,,tribit altavoz,en,us,tribit,10,0
Related,,tribit xsound go near me,en,us,tribit,,
Related,,how to pair tribit stormbox micro 2,en,us,tribit,,
Related,,tribit ipx7 waterproof bluetooth speaker,en,us,tribit,,
Related,,tribit home theatre,en,us,tribit,,
Related,,tribit upgraded version stormbox pro,en,us,tribit,,
Related,,tribit 16w bluetooth speaker,en,us,tribit,,
Related,,tribit earbuds c1,en,us,tribit,,
Related,,tribit xfree go earpads,en,us,tribit,,
Related,,tribit is from which country,en,us,tribit,,
Related,,tribit flybuds c1 pro anc,en,us,tribit,,
Related,,tribit vs jbl charge 5,en,us,tribit,,
Related,,how to connect tribit bluetooth headphones,en,us,tribit,,
Related,,tribit portable speaker max sound,en,us,tribit,,
Related,,tribit zvucnici,en,us,tribit,,
Related,,tribit app apk,en,us,tribit,,
Related,,tribit headphones not pairing,en,us,tribit,,
Related,,tribit speaker shop near me,en,us,tribit,,
Related,,tribit vs soundcore reddit,en,us,tribit,,
Related,,tribit app ios,en,us,tribit,,
Related,,tribit or jbl which is better,en,us,tribit,,
Related,,tribit xfree go bth71,en,us,tribit,,
Related,,ultimate ears vs tribit,en,us,tribit,,
Related,,tribit flybuds 3 manual pdf,en,us,tribit,,
Related,,how to turn on tribit headphones,en,us,tribit,,
Related,,tribit stormbox blast review whathifi,en,us,tribit,,
Related,,tribit bluetooth speaker company,en,us,tribit,,
Related,,how to pair tribit flybuds,en,us,tribit,,
Related,,tribit flybuds 3 touch controls,en,us,tribit,,
Related,,is tribit stormbox pro waterproof,en,us,tribit,,
Related,,tribit thunderbox micro review,en,us,tribit,,
Related,,tribit portable wireless speaker manual,en,us,tribit,,
Related,,tribit 90,en,us,tribit,,
Related,,tribit official website india,en,us,tribit,,
Related,,tribit x sound plus 2,en,us,tribit,,
Related,,how to reset tribit maxsound plus,en,us,tribit,,
Related,,tribit khmer,en,us,tribit,,
Related,,speaker tribit 90w,en,us,tribit,,
Related,,tribit pocket speaker,en,us,tribit,,
Related,,tribit 30 watt bluetooth speaker,en,us,tribit,,
Related,,tribit bluetooth speaker xsound go speaker with 16w,en,us,tribit,,
Related,,tribit upgraded version xsound go review,en,us,tribit,,
Related,,tribit earbuds india,en,us,tribit,,
Related,,tribit discount code reddit,en,us,tribit,,
Related,,tribit aux input,en,us,tribit,,
Related,,tribit 4pda,en,us,tribit,,
Related,,tribit flybuds c1 pro 降噪真無線藍牙耳機,en,us,tribit,,
Related,,tribit portable bluetooth speaker e21 1368n 01,en,us,tribit,,
Related,,tribit flybuds c1 pro 降噪真无线蓝牙耳机,en,us,tribit,,
Related,,tribit zvočnik,en,us,tribit,,
Related,,tribit loa,en,us,tribit,,
Related,,tribit australia,en,us,tribit,,
Related,,tribit stormbox blast 90w review,en,us,tribit,,
Related,,tribit cambodia,en,us,tribit,,
Related,,which tribit speaker is best,en,us,tribit,,
Related,,tribit oluv,en,us,tribit,,
Related,,tribit your own voice,en,us,tribit,,
Related,,tribit tower speaker,en,us,tribit,,
Related,,tribit leduc,en,us,tribit,,
Related,,tribit india location,en,us,tribit,,
Related,,tribit 80w,en,us,tribit,,
Related,,tribit johor,en,us,tribit,,
Related,,tribit earbuds not connecting,en,us,tribit,,
Related,,tribit earphones bluetooth,en,us,tribit,,
Related,,who is tribit owned by,en,us,tribit,,
Related,,tribit stormbox blast vs jbl xtreme 3 reddit,en,us,tribit,,
Related,,tribit flybuds 3 mini manual,en,us,tribit,,
Related,,tribit instagram,en,us,tribit,,
Related,,what is tribit xsound go,en,us,tribit,,
Related,,tribit won't connect,en,us,tribit,,
Related,,tribit earbuds pairing mode,en,us,tribit,,
Related,,tribit left earbud not working,en,us,tribit,,
Related,,tribit bluetooth speaker with mic,en,us,tribit,,
Related,,tribit headphones leakage,en,us,tribit,,
Related,,tribit upgraded version xsound go 16w 5.0 bluetooth speaker review,en,us,tribit,,
Related,,tribit app use,en,us,tribit,,
Related,,tribit upgraded version xsound go wireless,en,us,tribit,,
Related,,tribit 16 watt speaker review,en,us,tribit,,
Related,,ลําโพงบลูทูธ tribit ดีไหม,en,us,tribit,,
Related,,tribit flybuds c1 pro true wireless earbuds,en,us,tribit,,
Related,,tribit flybuds c1 pro case,en,us,tribit,,
Related,,tribit quietplus 72 manual,en,us,tribit,,
Related,,tribit portable bluetooth speaker xsound plus 2,en,us,tribit,,
Related,,how to set up tribit speaker,en,us,tribit,,
Related,,tribit xfree go over ear headphones,en,us,tribit,,
Related,,tribit xfree tune and go,en,us,tribit,,
Related,,how to set up tribit xsound go,en,us,tribit,,
Related,,tribit quietplus 72 降噪耳罩式藍牙耳機,en,us,tribit,,
Related,,is tribit stormbox pro stereo,en,us,tribit,,
Related,,tribit stormbox pro battery,en,us,tribit,,
Related,,tribit 16w ipx7,en,us,tribit,,
Related,,tribit registration,en,us,tribit,,
Related,,tribit callelite 81 troubleshooting,en,us,tribit,,
Related,,tribit stormbox blast vs soundcore motion boom plus reddit,en,us,tribit,,
Related,,tribit aquaease manual,en,us,tribit,,
Related,,tribit x sound go speaker,en,us,tribit,,
Related,,tribit xfree go s review,en,us,tribit,,
Related,,how to open tribit speakers,en,us,tribit,,
Related,,tribit reklama,en,us,tribit,,
Related,,tribit tech bar,en,us,tribit,,
Related,,tribit or portronics which is better,en,us,tribit,,
Related,,which is better tribit or boat,en,us,tribit,,
Related,,tribit india office,en,us,tribit,,
Related,,tribit rtings,en,us,tribit,,
Related,,tribit download,en,us,tribit,,
Related,,tribit tropics,en,us,tribit,,
Related,,tribit 90 watts,en,us,tribit,,
Related,,where is tribit located,en,us,tribit,,
Related,,tribit earbuds instructions,en,us,tribit,,
Related,,tribit quietplus 71 vs 72,en,us,tribit,,
Related,,tribit lazada,en,us,tribit,,
Related,,tribit flybuds 3 user manual,en,us,tribit,,
Related,,how to connect tribit xsound go,en,us,tribit,,
Related,,tribit flybuds c1 pro レビュー,en,us,tribit,,
Related,,tribit stormbox blast battery capacity,en,us,tribit,,
Related,,tribit earbuds in pakistan,en,us,tribit,,
Related,,tribit parent company,en,us,tribit,,
Related,,tribit wireless earbuds manual,en,us,tribit,,
Related,,tribit speaker store near me,en,us,tribit,,
Related,,tribit thunderbox plus specs,en,us,tribit,,
Related,,tribit outdoor,en,us,tribit,,
Related,,tribit 12w,en,us,tribit,,
Related,,tribit 12 watt speaker,en,us,tribit,,
Related,,tribit 90 вт,en,us,tribit,,
Related,,tribit portable bluetooth speaker 90w stormbox,en,us,tribit,,
Related,,tribit 2 speaker,en,us,tribit,,
Related,,tribit flybuds c1 pro отзывы,en,us,tribit,,
Related,,tribit stormbox blast review reddit,en,us,tribit,,
Related,,tribit stormbox blast vs jbl boombox 2 specs,en,us,tribit,,
Related,,is tribit maxsound plus stereo,en,us,tribit,,
Related,,tribit zákusok recept,en,us,tribit,,
Related,,tribit earbuds not charging,en,us,tribit,,
Related,,tribit how to charge,en,us,tribit,,
Related,,tribit disassembly,en,us,tribit,,
Related,,tribit water test,en,us,tribit,,
Related,,tribit c1 pro khmer,en,us,tribit,,
Related,,tribit upgraded version xsound,en,us,tribit,,
Related,,tribit 34w,en,us,tribit,,
Related,,tribit 2024 version xsound go wireless bluetooth 5.3,en,us,tribit,,
Related,,tribit flossy carter,en,us,tribit,,
Related,,tribit upgraded version xsound go wireless bluetooth 5.0 speaker,en,us,tribit,,
Related,,tribit whysotechie,en,us,tribit,,
Related,,tribit kopfhörer bluetooth,en,us,tribit,,
Related,,tribit opengo earbuds,en,us,tribit,,
Related,,tribit where to buy,en,us,tribit,,
Related,,tribit amazon promo code,en,us,tribit,,
Related,,tribit quietplus 71 active noise cancellation headphones,en,us,tribit,,
Related,,tribit wireless earbuds reddit,en,us,tribit,,
Related,,tribit xsound go price in pakistan,en,us,tribit,,
Related,,tribit stormbox vs jbl encore,en,us,tribit,,
Related,,tribit callelite 81 bedienungsanleitung,en,us,tribit,,
Related,,anker soundcore vs tribit stormbox,en,us,tribit,,
Related,,tribit stormbox blast vs jbl boombox 2 sound,en,us,tribit,,
Related,,jbl boombox 3 vs tribit stormbox blast reddit,en,us,tribit,,
Related,,tribit bluetooth speaker 90w,en,us,tribit,,
Related,,bocinas tribit bluetooth,en,us,tribit,,
Related,,tribit gyan therapy,en,us,tribit,,
Related,,tribit thunderbox plus teardown,en,us,tribit,,
Related,,tribit 30 watt speaker,en,us,tribit,,
Related,,why so techie tribit,en,us,tribit,,
Related,,tribit thunderbox plus vs jbl flip 5,en,us,tribit,,
Related,,tribit go vs jbl,en,us,tribit,,
Related,,tribit 16 watt speaker teardown,en,us,tribit,,
Related,,tribit upgraded version stormbox pro bluetooth speaker 40w 5.3,en,us,tribit,,
Related,,tribit quietplus 72 price,en,us,tribit,,
Related,,tribit 200 watt,en,us,tribit,,
Related,,tribit headphones uk,en,us,tribit,,
Related,,tribit owned by,en,us,tribit,,
Related,,tribit replacement parts,en,us,tribit,,
Related,,tribit bluetooth portable outdoor speaker review,en,us,tribit,,
Related,,tribit speaker website,en,us,tribit,,
Related,,ipx7 tribit flybuds,en,us,tribit,,
Related,,tribit true wireless earbuds bluetooth headphones 65h,en,us,tribit,,
Related,,tribit xsound go bluetooth speaker manual,en,us,tribit,,
Related,,tribit xsound go manual pdf,en,us,tribit,,
Related,,tribit 100w,en,us,tribit,,
Related,,tribit 30w bluetooth speaker,en,us,tribit,,
Related,,tribit app not working,en,us,tribit,,
Related,,how to claim tribit warranty in india,en,us,tribit,,
Related,,tribit register warranty,en,us,tribit,,
Related,,tribit stormbox micro 2 green,en,us,tribit,,
Related,,tribit quietplus 50 manual,en,us,tribit,,
Related,,tribit stormbox pro frequency response,en,us,tribit,,
Related,,tribit kaha ki company hai,en,us,tribit,,
Related,,tribit headphones pairing mode,en,us,tribit,,
Related,,where is tribit based,en,us,tribit,,
Related,,tribit rating,en,us,tribit,,
Related,,tribit wireless earbuds pairing,en,us,tribit,,
Related,,tribit app android,en,us,tribit,,
Related,,tribit germany,en,us,tribit,,
Related,,tribit speaker india website,en,us,tribit,,
Related,,tribit flybuds c1 pro評價,en,us,tribit,,
Related,,tribit india warranty claim,en,us,tribit,,
Related,,tribit uae,en,us,tribit,,
Related,,tribit upcoming speakers,en,us,tribit,,
Related,,are tribit speakers any good,en,us,tribit,,
Related,,tribit xfree go price in india,en,us,tribit,,
Related,,tribit how to connect,en,us,tribit,,
Related,,tribit not pairing,en,us,tribit,,
Related,,tribit technologies private limited,en,us,tribit,,
Related,,pair tribit with iphone,en,us,tribit,,
Related,,tribit dbz,en,us,tribit,,
Related,,tribit 16 watt speaker tamil,en,us,tribit,,
Related,,tribit 5.0 review,en,us,tribit,,
Related,,tribit earbuds c2,en,us,tribit,,
Related,,tribit open earbuds,en,us,tribit,,
Related,,tribit and jbl,en,us,tribit,,
Related,,tribit good,en,us,tribit,,
Related,,how to open tribit stormbox,en,us,tribit,,
Related,,tribit tamil,en,us,tribit,,
Related,,tribit open,en,us,tribit,,
Related,,tribit danny pops,en,us,tribit,,
Related,,tribit 2024 version xsound go wireless,en,us,tribit,,
Related,,tribit go 2,en,us,tribit,,
Related,,tribit open ear,en,us,tribit,,
Related,,tribit inside,en,us,tribit,,
Related,,tribit channel,en,us,tribit,,
Related,,tribit 16w bluetooth speaker review,en,us,tribit,,
Related,,tribit partybox,en,us,tribit,,
Related,,tribit stormbox blast review audiophile,en,us,tribit,,
Related,,tribit eq,en,us,tribit,,
Related,,tribit or boat which is better,en,us,tribit,,
Related,,tribit real estate,en,us,tribit,,
Related,,tribit bluetooth earbuds pairing,en,us,tribit,,
Related,,zakusky tribit,en,us,tribit,,
Related,,tribit vs jbl clip,en,us,tribit,,
Related,,tribit xsound go specifications,en,us,tribit,,
Related,,tribit headphones not charging,en,us,tribit,,
Related,,tribit upgraded version,en,us,tribit,,
Related,,zakusok tribit recept,en,us,tribit,,
Related,,tribit quietplus 72 anc headphones,en,us,tribit,,
Related,,tribit or bose,en,us,tribit,,
Related,,tribit zakusek,en,us,tribit,,
Related,,caixa tribit 90w,en,us,tribit,,
Related,,what is tribit stormbox,en,us,tribit,,
Related,,tribit bluetooth speaker near me,en,us,tribit,,
Related,,tribit go vs jbl go 3,en,us,tribit,,
Related,,tribit new,en,us,tribit,,
Related,,tribit 40w bluetooth speaker teardown,en,us,tribit,,
Related,,tribit flybuds c1 left earbud not charging,en,us,tribit,,
Related,,anker soundcore motion plus vs tribit stormbox,en,us,tribit,,
Related,,tribit xfree go amazon,en,us,tribit,,
Related,,tribit flybuds c1 pro обзор,en,us,tribit,,
Related,,tribit stormbox pro review amazon,en,us,tribit,,
Related,,tribit stormbox blast vs turtlebox,en,us,tribit,,
Related,,ue hyperboom vs tribit stormbox blast,en,us,tribit,,
Related,,how long to charge tribit xsound go,en,us,tribit,,
Related,,tribit flybuds c1 pro ptt,en,us,tribit,,
Related,,app for tribit speaker,en,us,tribit,,
Related,,tribit ces 2024,en,us,tribit,,
Related,,tribit refurbished,en,us,tribit,,
Related,,tribit portable speaker reviews,en,us,tribit,,
Related,,tribit wireless earbuds ipx8 waterproof,en,us,tribit,,
Related,,tribit 2024 version xsound go 16w 5.0 bluetooth speaker,en,us,tribit,,
Related,,tribit eric,en,us,tribit,,
Related,,tribit 16 watt speaker sound test,en,us,tribit,,
Related,,tribit flybuds c2 khmer,en,us,tribit,,
Related,,how to use tribit xsound go,en,us,tribit,,
Related,,tribit earbuds c1 pro,en,us,tribit,,
Related,,tribit open go earbuds,en,us,tribit,,
Related,,is tribit speakers good,en,us,tribit,,
Related,,can you pair tribit speakers,en,us,tribit,,
Related,,tribit flybuds c1 pro reddit,en,us,tribit,,
Related,,tribit xfree go black,en,us,tribit,,
Related,,buy tribit headphones,en,us,tribit,,
Related,,tribit stormbox blast vs soundcore motion boom plus review,en,us,tribit,,
Related,,tribit owners manual,en,us,tribit,,
Related,,tribit callelite 81 treiber,en,us,tribit,,
Related,,tribit logo png,en,us,tribit,,
Related,,tribit zvučnik,en,us,tribit,,
Related,,is tribit xsound go waterproof,en,us,tribit,,
Related,,tribit red light blinking,en,us,tribit,,
Related,,tribit quietplus 71 anc,en,us,tribit,,
Related,,tribit hard reset,en,us,tribit,,
Related,,tribit quietplus 71 anc headphones,en,us,tribit,,
Related,,how do i reset my tribit speaker,en,us,tribit,,
Related,,tribit drill,en,us,tribit,,
Related,,tribit or boat,en,us,tribit,,
Related,,tribit roblox,en,us,tribit,,
Related,,tribit upgraded version xsound go wireless bluetooth 5.0,en,us,tribit,,
Related,,how to use tribit app,en,us,tribit,,
Related,,tribit 16 watt,en,us,tribit,,
Related,,tribit flybuds c1 pro khmer,en,us,tribit,,
Related,,tribit 20w bluetooth speaker,en,us,tribit,,
Related,,tribit stormbox vs jbl flip 5 reddit,en,us,tribit,,
Related,,which is better tribit or anker,en,us,tribit,,
Related,,tribit stormbox blast review youtube,en,us,tribit,,
Related,,is tribit stormbox a mono or stereo,en,us,tribit,,
Related,,tribit opengo review,en,us,tribit,,
Related,,tribit company details,en,us,tribit,,
Related,,tribit what country,en,us,tribit,,
Related,,tribit not connecting,en,us,tribit,,
Related,,tribit xfree go обзор,en,us,tribit,,
Related,,tribit xfree go отзывы,en,us,tribit,,
Related,,tribit customer service phone number,en,us,tribit,,
Related,,tribit won't pair,en,us,tribit,,
Related,,tribit flybuds c2 4pda,en,us,tribit,,
Related,,tribit stormbox blast vs jbl boombox 3 specs,en,us,tribit,,
Related,,does tribit stormbox blast float,en,us,tribit,,
Related,,tribit stormbox pro review whathifi,en,us,tribit,,
Related,,ลําโพงบลูทูธ tribit xsound go 2,en,us,tribit,,
Related,,tribit quietplus 71 x,en,us,tribit,,
Related,,tribit 2024 version,en,us,tribit,,
Related,,tribit council,en,us,tribit,,
Related,,tribit go vs anker,en,us,tribit,,
Related,,tribit flashing red light,en,us,tribit,,
Related,,tribit kids headphones,en,us,tribit,,
Related,,tribit app for xsound go,en,us,tribit,,
Related,,tribit weather,en,us,tribit,,
Related,,tribit vs portronics,en,us,tribit,,
Related,,how to put tribit headphones in pairing mode,en,us,tribit,,
Related,,tribit xfree go s headphones,en,us,tribit,,
Related,,tribit stormbox blast vs jbl boombox 3 sound,en,us,tribit,,
Related,,tribit stormbox blast vs jbl boombox 2 reddit,en,us,tribit,,
Related,,tribit stormbox pro review reddit,en,us,tribit,,
Related,,tribit quietplus 50 anc headphones,en,us,tribit,,
Related,,tribit india customer care,en,us,tribit,,
Related,,tribit flybuds 3 left earbud not charging,en,us,tribit,,
Related,,tribit battery low problem,en,us,tribit,,
Related,,tribit 2024 version xsound go review,en,us,tribit,,
Related,,tribit net worth,en,us,tribit,,
Related,,tribit zakusok recept,en,us,tribit,,
Related,,how are tribit speakers,en,us,tribit,,
Related,,tribit revenue,en,us,tribit,,
Related,,are tribit earbuds waterproof,en,us,tribit,,
Related,,tribit radio,en,us,tribit,,
Related,,tribit or soundcore,en,us,tribit,,
Related,,tribit kl,en,us,tribit,,
Related,,tribit quietplus 50 price in pakistan,en,us,tribit,,
Related,,tribit nz,en,us,tribit,,
Related,,is tribit xsound go good,en,us,tribit,,
Related,,tribit portable bluetooth speaker xsound plus 2 review,en,us,tribit,,
Related,,tribit alan ross,en,us,tribit,,
Related,,tribit go vs,en,us,tribit,,
Related,,tribit reklama 1999,en,us,tribit,,
Related,,tribit 30 watt,en,us,tribit,,
Related,,tribit myanmar,en,us,tribit,,
Related,,tribit comparison,en,us,tribit,,
Related,,tribit stormbox blast vs jbl boombox 3 reddit,en,us,tribit,,
Related,,tribit stormbox pro vs jbl xtreme 3,en,us,tribit,,
Related,,tribit quietplus 50 reddit,en,us,tribit,,
Related,,tribit repair,en,us,tribit,,
Related,,tribit vs edifier,en,us,tribit,,
Related,,zákusek tribit,en,us,tribit,,
Related,,tribit callelite 81 bluetooth wireless headset,en,us,tribit,,
Related,,tribit thunderbox vs stormbox,en,us,tribit,,
Related,,tribit earbuds reddit,en,us,tribit,,
Related,,tribit 40 watt speaker,en,us,tribit,,
Related,,tribit won't charge,en,us,tribit,,
Related,,tribit earbuds h1,en,us,tribit,,
Related,,tribit stormbox blast with mic,en,us,tribit,,
Related,,tribit unbox therapy,en,us,tribit,,
Related,,tribit micro 2 vs jbl clip 5,en,us,tribit,,
Related,,tribit open to open ear earbuds,en,us,tribit,,
Related,,tribit 60w,en,us,tribit,,
Related,,how to open tribit xsound go,en,us,tribit,,
Related,,tribit xsound manual,en,us,tribit,,
Related,,tribit xsound go speaker manual,en,us,tribit,,
Related,,portable bluetooth speaker tribit,en,us,tribit,,
Related,,tribit portable bluetooth speaker 90w,en,us,tribit,,
Related,,tribit xfree go buy,en,us,tribit,,
Related,,charger for tribit speaker,en,us,tribit,,