达人头像,达人名称,达人账号,达人主页链接,达人视频数,达人直播数,达人粉丝数,粉丝增长数,均播量,达人带货数,近30日销售额,近30日销量,视频GPM,直播GPM,MCN,达人类型
https://microdata-spiders-media.oss-cn-shanghai.aliyuncs.com/image/5d1958f6-c9d4-4c0e-a092-617132863109.jpeg,Bri Jaynes Speaker,brijaynesspeaker,https://www.tiktok.com/@brijaynesspeaker,114,0,23483,22,5963,552,227.91,7,15.44,0,,个人运营
https://microdata-spiders-media.oss-cn-shanghai.aliyuncs.com/image/5d50c235-0a34-4f66-a8c9-9e20d89f40fc.jpeg,Resilience Coach & Speaker,iamnatmartin,https://www.tiktok.com/@iamnatmartin,0,0,6048,1,0,15,50,5,5,15,,个人运营
https://microdata-spiders-media.oss-cn-shanghai.aliyuncs.com/image/36915e7c-b11e-4f7f-8874-13285f0e1948.jpeg,Aniino motivational speaker,aniinodesigns,https://www.tiktok.com/@aniinodesigns,0,0,8699,-1,0,49,50,5,5,15,,个人运营
https://microdata-spiders-media.oss-cn-shanghai.aliyuncs.com/image/f8f33705-6cf5-40b1-aa72-3a570b17f001.jpeg,Fauxtivational Speaker,fauxtivational_speaker,https://www.tiktok.com/@fauxtivational_speaker,4,26,414116,-5,12104,17,50,5,5,15,,个人运营
https://microdata-spiders-media.oss-cn-shanghai.aliyuncs.com/image/77089d3f-b89a-48b0-8ff2-3d5cd51d3b91.jpeg,"Men’s Mentor, Coach & Speaker",iseluleko_,https://www.tiktok.com/@iseluleko_,0,0,6060,-2,0,1,50,5,5,15,,个人运营
https://microdata-spiders-media.oss-cn-shanghai.aliyuncs.com/image/888958e2-b30b-44fe-9e1e-8286ce672503.jpeg,Relationship Coach & Speaker,karinafdaves,https://www.tiktok.com/@karinafdaves,0,0,122880,-51,0,0,50,5,5,15,,个人运营
https://microdata-spiders-media.oss-cn-shanghai.aliyuncs.com/image/cd69bc7c-803d-4aac-b49b-a65ba92a3bdc.jpeg,Geraldin ✨ 2x Author & Speaker,geraldinnoemis,https://www.tiktok.com/@geraldinnoemis,0,0,597,2,0,2,50,5,5,15,,店铺运营
https://microdata-spiders-media.oss-cn-shanghai.aliyuncs.com/image/56bb85ee-dec6-4bf8-a98a-171a3219ac9c.jpeg,Rocio 🚘Broker Coach & Speaker,rocio.verdin,https://www.tiktok.com/@rocio.verdin,26,0,9099,-12,2595,72,50,5,5,15,,个人运营
https://microdata-spiders-media.oss-cn-shanghai.aliyuncs.com/image/de109f3f-247a-43c4-a549-433319da9158.jpeg,Christin- Motivational Speaker,_stayhype,https://www.tiktok.com/@_stayhype,9,147,168623,287,6936,3,50,5,5,15,,店铺运营
https://microdata-spiders-media.oss-cn-shanghai.aliyuncs.com/image/6f633dfb-c733-4fba-9be8-a44cd2194efd.jpeg,Anything Speaker,hungiggity,https://www.tiktok.com/@hungiggity,2,0,4286,-1,341,5,50,5,5,15,,个人运营
https://microdata-spiders-media.oss-cn-shanghai.aliyuncs.com/image/599a7586-0bbe-485e-afa1-5e5db76b6ef4.jpeg,Shell Speaker,iiuookmb,https://www.tiktok.com/@iiuookmb,0,0,7376,0,0,2,50,5,5,15,,个人运营
https://microdata-spiders-media.oss-cn-shanghai.aliyuncs.com/image/8af0fbed-62e5-4583-9784-dfb29cb21b13.jpeg,Motivational speaker,motivationalspeeches071,https://www.tiktok.com/@motivationalspeeches071,0,4,14747,-52,0,0,50,5,5,15,,个人运营
https://microdata-spiders-media.oss-cn-shanghai.aliyuncs.com/image/35da7fcd-5c31-4240-a8fb-1c5359fb1e31.jpeg,Diy Speaker,diy.speaker3,https://www.tiktok.com/@diy.speaker3,0,0,498487,1588,0,0,50,5,5,15,,个人运营
https://microdata-spiders-media.oss-cn-shanghai.aliyuncs.com/image/43d71487-37dc-4835-89e2-7a2cbe13a8f9.jpeg,Ellen Speaker,forgetthetakeout,https://www.tiktok.com/@forgetthetakeout,0,0,5488,0,0,0,50,5,5,15,,个人运营
https://microdata-spiders-media.oss-cn-shanghai.aliyuncs.com/image/33e44a2a-ca7a-4825-800b-cab5a80944ee.jpeg,Christy Speaker,christyspeaker,https://www.tiktok.com/@christyspeaker,0,0,5411,-5,0,4,50,5,5,15,,个人运营
https://microdata-spiders-media.oss-cn-shanghai.aliyuncs.com/image/718ff842-0c99-449d-9b36-66f214c1d8fc.jpeg,Anything Speaker,anythingspeaker,https://www.tiktok.com/@anythingspeaker,3,0,51398,-138,4919,2,45.97,1,90.67,0,,店铺运营
https://microdata-spiders-media.oss-cn-shanghai.aliyuncs.com/image/63f6c22c-ce5c-47ba-9f4a-ffc9a01b6ddd.jpeg,Lolly | Inspirational Speaker,lolly.laaves,https://www.tiktok.com/@lolly.laaves,0,6,14461,0,0,5,0,0,,,,个人运营
https://microdata-spiders-media.oss-cn-shanghai.aliyuncs.com/image/06e55bad-9abc-4ee7-aac3-0630b9887027.jpeg,Speaker | Pull-up Coach,angelagargano,https://www.tiktok.com/@angelagargano,0,0,45296,-1,0,5,0,0,0,0,,个人运营
https://microdata-spiders-media.oss-cn-shanghai.aliyuncs.com/image/5fc87d77-0e34-4892-8602-6c34d29e60dd.jpeg,Motivational Speaker | Coach,officialjasonqueen,https://www.tiktok.com/@officialjasonqueen,0,0,22647,-2,0,3,0,0,,,,个人运营
https://microdata-spiders-media.oss-cn-shanghai.aliyuncs.com/image/963ff1e4-5936-4adb-8158-cfca2cb432f6.jpeg,Dr. V The Speaker,drvthespeaker,https://www.tiktok.com/@drvthespeaker,0,0,11792,2,0,2,0,0,0,0,,个人运营
https://microdata-spiders-media.oss-cn-shanghai.aliyuncs.com/image/4834a6e0-2bab-46d3-9bf2-a23dbcd5ade9.jpeg,Millennial Speaker OfThe House,maggiethemillennial,https://www.tiktok.com/@maggiethemillennial,0,0,23786,-2,0,4,0,0,0,0,,个人运营
https://microdata-spiders-media.oss-cn-shanghai.aliyuncs.com/image/cc1750a3-95f6-4fac-97e1-e3295ace2499.jpeg,Joy | Motivational Speaker,joyelizabethfarley,https://www.tiktok.com/@joyelizabethfarley,0,0,20337,-2,0,90,0,0,5,15,,个人运营
https://microdata-spiders-media.oss-cn-shanghai.aliyuncs.com/image/27e7d84d-2996-4b20-814b-1d86fb5e1a0a.jpeg,Ray - NDR speaker factory,ray_ndrspeaker_factory,https://www.tiktok.com/@ray_ndrspeaker_factory,1,2,96924,-122,5108,22,0,0,0,0,,个人运营
https://microdata-spiders-media.oss-cn-shanghai.aliyuncs.com/image/b93f3fb7-e22a-4aff-b2c2-f3b862762ed2.jpeg,The Mobile Speaker,mobilespeaker,https://www.tiktok.com/@mobilespeaker,0,0,20813,-2,0,2,0,0,,,,个人运营
https://microdata-spiders-media.oss-cn-shanghai.aliyuncs.com/image/21ffd429-7752-437f-9733-6cbcebb00d91.jpeg,Inspiration Speaker,inspirebolts,https://www.tiktok.com/@inspirebolts,10,0,14887,-9,2035,39,0,0,0,0,,个人运营
https://microdata-spiders-media.oss-cn-shanghai.aliyuncs.com/image/9ba837a2-4746-4602-ab79-6cf3aa42a0de.jpeg,The deal speaker,thedealspeaker,https://www.tiktok.com/@thedealspeaker,4,0,7958,-3,1399,8,0,0,0,0,,个人运营
https://microdata-spiders-media.oss-cn-shanghai.aliyuncs.com/image/3fc906a8-dbff-47c0-b0f8-528f1dad4640.jpeg,Truth Speaker Tarot,wetruthspeakers,https://www.tiktok.com/@wetruthspeakers,34,0,10531,-3,1900,74,0,0,0,0,,个人运营
https://microdata-spiders-media.oss-cn-shanghai.aliyuncs.com/image/e632d568-9ddd-4cd9-a20a-b5c0c7a3183e.jpeg,Soundrise Speaker Stands,soundrisepro,https://www.tiktok.com/@soundrisepro,5,0,252,1,1774,6,,,,,,店铺运营
https://microdata-spiders-media.oss-cn-shanghai.aliyuncs.com/image/4c23edcd-0bb0-4e5d-a790-6d397ded7f38.jpeg,Timesha | live host & speaker,holisticmentalhealth,https://www.tiktok.com/@holisticmentalhealth,4,0,6487,-1,496,102,,,,,,个人运营
https://microdata-spiders-media.oss-cn-shanghai.aliyuncs.com/image/c1a6b9c4-9d90-4046-9640-58a2fb5987e2.jpeg,Morgan Rees Life Speaker,morganreeslifespeaker,https://www.tiktok.com/@morganreeslifespeaker,0,0,2755,1362,0,17,,,,,,店铺运营
https://microdata-spiders-media.oss-cn-shanghai.aliyuncs.com/image/3722492f-1f58-41bd-9ce4-f5e0338e8e9a.jpeg,Epz motivational speaker 🔈,ericapalmer258,https://www.tiktok.com/@ericapalmer258,0,0,2650,2,0,19,,,,,,个人运营
https://microdata-spiders-media.oss-cn-shanghai.aliyuncs.com/image/31311a6a-ffcf-466e-86eb-7ed56dc40201.jpeg,Fuzion Speaker,fuzionspeaker,https://www.tiktok.com/@fuzionspeaker,75,0,71,-1,538,5,,,,,,店铺运营
https://microdata-spiders-media.oss-cn-shanghai.aliyuncs.com/image/73c6716c-3d4e-4692-9405-b38ccc329e89.jpeg,Kai | Keynote Speaker,kaileesoong,https://www.tiktok.com/@kaileesoong,0,0,104678,-18,0,76,,,,,,个人运营
https://microdata-spiders-media.oss-cn-shanghai.aliyuncs.com/image/535cd023-a56f-478b-9370-e06b7d6331aa.jpeg,John Speaker S2,elizabeth21397,https://www.tiktok.com/@elizabeth21397,0,0,47,0,0,188,,,,,,个人运营
https://microdata-spiders-media.oss-cn-shanghai.aliyuncs.com/image/191708bc-4ea1-43b6-be7a-b6039a31838d.jpeg,Sound speaker,user7446944261914,https://www.tiktok.com/@user7446944261914,93,0,1246,-5,131,153,,,,,,店铺运营
https://microdata-spiders-media.oss-cn-shanghai.aliyuncs.com/image/f4d99c70-6c02-4da8-adf2-398edca52927.jpeg,RHM Speaker factory,rhm.speaker6,https://www.tiktok.com/@rhm.speaker6,82,0,79,10,861,31,,,,,,店铺运营
https://microdata-spiders-media.oss-cn-shanghai.aliyuncs.com/image/c88fc6e0-7019-4bf4-b0ff-d74614e798c0.jpeg,Zealot Wireless Speaker,zealot_speaker,https://www.tiktok.com/@zealot_speaker,37,0,16,8,219,15,,,,,,店铺运营
https://microdata-spiders-media.oss-cn-shanghai.aliyuncs.com/image/c08596bd-8677-490e-8b28-6a2408f68a89.jpeg,YEAHBOX Speaker,yeahboxspeaker1,https://www.tiktok.com/@yeahboxspeaker1,23,0,53522,52245,72598,6,,,,,,店铺运营