No.,channel,selfkoc_account,selfkoc_post_url,Likes,Comments,Views,selfkoc_post_date,selfkoc_video_id,,,,,,,,,,
1,youtube,@delimiroorozc,https://www.youtube.com//shorts/ioiKitoEKJk,103,0,33000,2025/4/4,ioiKitoEKJk,,,,,,,,,,
2,youtube,@myintgotsu,https://www.youtube.com//shorts/Y9_aNAt9BME,125,0,30000,2025/4/2,Y9_aNAt9BME,,,,,,,,,,
3,youtube,@myintgotsu,https://www.youtube.com//shorts/h9uqhXEQMeI,87,0,26000,2025/4/2,h9uqhXEQMeI,,,,,,,,,,
4,youtube,@davidmedeiros-f6g,https://www.youtube.com//shorts/hu5d6fTPT3I,98,1,23000,2025/4/4,hu5d6fTPT3I,,,,,,,,,,
5,youtube,@stephaniewarner-e1y,https://www.youtube.com//shorts/lWkW6f7uF2U,70,0,21000,2025/4/1,lWkW6f7uF2U,,,,,,,,,,
6,youtube,@myintgotsu,https://www.youtube.com//shorts/z0s8wxF82Kw,68,0,20000,2025/4/9,z0s8wxF82Kw,,,,,,,,,,
7,youtube,@delimiroorozc,https://www.youtube.com//shorts/c5tVVHzKfLQ,81,0,20000,2025/4/1,c5tVVHzKfLQ,,,,,,,,,,
8,youtube,@davidmedeiros-f6g,https://www.youtube.com//shorts/ZHaz9mZ2358,79,0,19000,2025/4/10,ZHaz9mZ2358,,,,,,,,,,
9,youtube,@stephaniewarner-e1y,https://www.youtube.com//shorts/KUy2Z08wtyg,69,0,15000,2025/3/12,KUy2Z08wtyg,,,,,,,,,,
10,youtube,@myintgotsu,https://www.youtube.com//shorts/PKKWXcLe6g8,61,0,14000,2025/4/1,PKKWXcLe6g8,,,,,,,,,,
11,youtube,@bigteddybearskitina,https://www.youtube.com//shorts/2mP_dXP-lOg,111,0,14000,2025/3/7,2mP_dXP-lOg,,,,,,,,,,
12,youtube,@myintgotsu,https://www.youtube.com//shorts/VWoGQNGtiUg,49,1,13000,2025/4/1,VWoGQNGtiUg,,,,,,,,,,
13,youtube,@delimiroorozc,https://www.youtube.com//shorts/Kmln_eR2ElI,92,1,13000,2025/2/27,Kmln_eR2ElI,,,,,,,,,,
14,youtube,@stephaniewarner-e1y,https://www.youtube.com//shorts/GM3Vb3F7d1E,108,1,13000,2025/2/26,GM3Vb3F7d1E,,,,,,,,,,
15,youtube,@myintgotsu,https://www.youtube.com//shorts/RUt7D3NuNY4,43,0,12000,2025/4/10,RUt7D3NuNY4,,,,,,,,,,
16,youtube,@myintgotsu,https://www.youtube.com//shorts/_2c2GSx4WkA,39,0,12000,2025/4/10,_2c2GSx4WkA,,,,,,,,,,
17,youtube,@stephaniewarner-e1y,https://www.youtube.com//shorts/XE30927ym4U,101,0,12000,2025/3/10,XE30927ym4U,,,,,,,,,,
18,youtube,@myintgotsu,https://www.youtube.com//shorts/SQjpu4lFadc,68,0,12000,2025/2/25,SQjpu4lFadc,,,,,,,,,,
19,youtube,@myintgotsu,https://www.youtube.com//shorts/-dvr-_eq9Zs,68,0,11000,2025/2/28,-dvr-_eq9Zs,,,,,,,,,,
20,youtube,@bigteddybearskitina,https://www.youtube.com//shorts/zyStOdGFiJ0,62,0,11000,2025/2/28,zyStOdGFiJ0,,,,,,,,,,
21,youtube,@myintgotsu,https://www.youtube.com//shorts/bugTC-56Qmk,96,0,11000,2025/2/19,bugTC-56Qmk,,,,,,,,,,
22,youtube,@myintgotsu,https://www.youtube.com//shorts/X444RKCKvLU,34,0,10000,2025/4/2,X444RKCKvLU,,,,,,,,,,
23,youtube,@stephaniewarner-e1y,https://www.youtube.com//shorts/CaWFPR8pRJw,76,0,10000,2025/3/11,CaWFPR8pRJw,,,,,,,,,,
24,youtube,@bigteddybearskitina,https://www.youtube.com//shorts/xcswfNwaveM,75,0,10000,2025/2/25,xcswfNwaveM,,,,,,,,,,
25,youtube,@davidmedeiros-f6g,https://www.youtube.com//shorts/mdsH53DsNeQ,36,0,9788,2025/4/2,mdsH53DsNeQ,,,,,,,,,,
26,youtube,@delimiroorozc,https://www.youtube.com//shorts/ulIDGrNWZFI,36,0,9595,2025/4/2,ulIDGrNWZFI,,,,,,,,,,
27,youtube,@delimiroorozc,https://www.youtube.com//shorts/K9TXKYPk5pU,58,0,9562,2025/3/14,K9TXKYPk5pU,,,,,,,,,,
28,youtube,@delimiroorozc,https://www.youtube.com//shorts/BNiRMwNW8-s,93,0,9382,2025/2/4,BNiRMwNW8-s,,,,,,,,,,
29,youtube,@myintgotsu,https://www.youtube.com//shorts/MdlCHSQx6FY,97,0,9370,2025/3/7,MdlCHSQx6FY,,,,,,,,,,
30,youtube,@delimiroorozc,https://www.youtube.com//shorts/VLXvKminsWs,66,0,8434,2025/2/13,VLXvKminsWs,,,,,,,,,,
31,youtube,@myintgotsu,https://www.youtube.com//shorts/EyYMxrZ2yFE,79,0,8433,2025/3/19,EyYMxrZ2yFE,,,,,,,,,,
32,youtube,@myintgotsu,https://www.youtube.com//shorts/8fMLTBDXKPs,77,0,8340,2025/1/22,8fMLTBDXKPs,,,,,,,,,,
33,youtube,@myintgotsu,https://www.youtube.com//shorts/1CVtzY22Vj0,79,0,8335,2025/1/23,1CVtzY22Vj0,,,,,,,,,,
34,youtube,@davidmedeiros-f6g,https://www.youtube.com//shorts/clDwhw387oo,66,0,8294,2025/2/27,clDwhw387oo,,,,,,,,,,
35,youtube,@delimiroorozc,https://www.youtube.com//shorts/pNeU-5SWraM,68,0,8168,2025/3/11,pNeU-5SWraM,,,,,,,,,,
36,youtube,@delimiroorozc,https://www.youtube.com//shorts/mTZVS1rhcJY,82,0,8110,2025/2/8,mTZVS1rhcJY,,,,,,,,,,
37,youtube,@myintgotsu,https://www.youtube.com//shorts/0c90kDJOVPk,54,0,7535,2025/3/12,0c90kDJOVPk,,,,,,,,,,
38,youtube,@davidmedeiros-f6g,https://www.youtube.com//shorts/61fMP2NFjbM,43,0,7496,2025/3/5,61fMP2NFjbM,,,,,,,,,,
39,youtube,@delimiroorozc,https://www.youtube.com//shorts/3pQKs7Aa0_c,29,1,7407,2025/4/10,3pQKs7Aa0_c,,,,,,,,,,
40,youtube,@davidmedeiros-f6g,https://www.youtube.com//shorts/_cUrHv7Mfv0,47,0,7159,2025/3/2,_cUrHv7Mfv0,,,,,,,,,,
41,youtube,@davidmedeiros-f6g,https://www.youtube.com//shorts/Iuj8GaladWs,37,0,7119,2025/2/13,Iuj8GaladWs,,,,,,,,,,
42,youtube,@bigteddybearskitina,https://www.youtube.com//shorts/M7RpdAStFX0,43,0,6943,2025/3/2,M7RpdAStFX0,,,,,,,,,,
43,youtube,@myintgotsu,https://www.youtube.com//shorts/rtzByiHVTiE,33,1,6521,2025/2/20,rtzByiHVTiE,,,,,,,,,,
44,youtube,@myintgotsu,https://www.youtube.com//shorts/EtSSJAyfpuA,52,0,6150,2025/2/18,EtSSJAyfpuA,,,,,,,,,,
45,youtube,@delimiroorozc,https://www.youtube.com//shorts/DB00J3pIZXk,71,0,6050,2025/1/30,DB00J3pIZXk,,,,,,,,,,
46,youtube,@bigteddybearskitina,https://www.youtube.com//shorts/mYFtZnX-kXw,27,0,5940,2025/3/30,mYFtZnX-kXw,,,,,,,,,,
47,youtube,@davidmedeiros-f6g,https://www.youtube.com//shorts/_WSL40QOwVA,41,0,5912,2025/3/9,_WSL40QOwVA,,,,,,,,,,
48,youtube,@delimiroorozc,https://www.youtube.com//shorts/fJMl2Vrj7a4,44,0,5844,2025/3/12,fJMl2Vrj7a4,,,,,,,,,,
49,youtube,@delimiroorozc,https://www.youtube.com//shorts/6PxVQmLwGrs,62,0,5839,2025/3/2,6PxVQmLwGrs,,,,,,,,,,
50,youtube,@delimiroorozc,https://www.youtube.com//shorts/3sAIpfKY8D0,33,0,5805,2025/2/12,3sAIpfKY8D0,,,,,,,,,,
51,youtube,@delimiroorozc,https://www.youtube.com//shorts/Gatq8NQF0uw,43,0,5621,2025/3/20,Gatq8NQF0uw,,,,,,,,,,
52,youtube,@delimiroorozc,https://www.youtube.com//shorts/qqesuxs-JAA,38,0,5578,2025/3/7,qqesuxs-JAA,,,,,,,,,,
53,youtube,@delimiroorozc,https://www.youtube.com//shorts/NMKjxZZo4yE,48,0,5425,2025/2/23,NMKjxZZo4yE,,,,,,,,,,
54,youtube,@myintgotsu,https://www.youtube.com//shorts/xlCSvzhMeZo,50,0,5324,2025/3/8,xlCSvzhMeZo,,,,,,,,,,
55,youtube,@delimiroorozc,https://www.youtube.com//shorts/eSJglZpKUJU,51,0,5239,2025/2/19,eSJglZpKUJU,,,,,,,,,,
56,youtube,@davidmedeiros-f6g,https://www.youtube.com//shorts/b1Wvvl0LvH0,38,0,5237,2025/2/14,b1Wvvl0LvH0,,,,,,,,,,
57,youtube,@myintgotsu,https://www.youtube.com//shorts/wq91C5Dr1ps,54,0,5120,2025/2/19,wq91C5Dr1ps,,,,,,,,,,
58,youtube,@myintgotsu,https://www.youtube.com//shorts/vQywwwqCT1s,27,0,4955,2025/4/4,vQywwwqCT1s,,,,,,,,,,
59,youtube,@myintgotsu,https://www.youtube.com//shorts/OHzrmwQBvLw,52,0,4932,2025/2/8,OHzrmwQBvLw,,,,,,,,,,
60,youtube,@delimiroorozc,https://www.youtube.com//shorts/Rm8MLY1Tiu8,26,0,4912,2025/2/18,Rm8MLY1Tiu8,,,,,,,,,,
61,youtube,@myintgotsu,https://www.youtube.com//shorts/HoN8mQfmgcA,27,0,4892,2025/3/10,HoN8mQfmgcA,,,,,,,,,,
62,youtube,@stephaniewarner-e1y,https://www.youtube.com//shorts/wjVseNT1uUQ,40,0,4840,2025/2/21,wjVseNT1uUQ,,,,,,,,,,
63,youtube,@myintgotsu,https://www.youtube.com//shorts/FCwn4I6VftM,28,0,4745,2025/3/4,FCwn4I6VftM,,,,,,,,,,
64,youtube,@stephaniewarner-e1y,https://www.youtube.com//shorts/cBLoKcVKQTE,27,0,4744,2025/4/10,cBLoKcVKQTE,,,,,,,,,,
65,youtube,@davidmedeiros-f6g,https://www.youtube.com//shorts/qpcjdfWOpvs,43,0,4657,2025/3/21,qpcjdfWOpvs,,,,,,,,,,
66,youtube,@davidmedeiros-f6g,https://www.youtube.com//shorts/MZR3QSpqBZc,43,0,4645,2025/3/11,MZR3QSpqBZc,,,,,,,,,,
67,youtube,@myintgotsu,https://www.youtube.com//shorts/g_oXoqOkLaQ,38,0,4623,2025/3/7,g_oXoqOkLaQ,,,,,,,,,,
68,youtube,@myintgotsu,https://www.youtube.com//shorts/MDe0nqb_uGA,29,0,4497,2025/2/13,MDe0nqb_uGA,,,,,,,,,,
69,youtube,@stephaniewarner-e1y,https://www.youtube.com//shorts/Tzc97bKQyKw,18,0,4491,2025/4/4,Tzc97bKQyKw,,,,,,,,,,
70,youtube,@myintgotsu,https://www.youtube.com//shorts/jSW90-10I08,22,0,4467,2025/2/26,jSW90-10I08,,,,,,,,,,
71,youtube,@davidmedeiros-f6g,https://www.youtube.com//shorts/dmnI7vLi_IM,44,0,4320,2025/2/12,dmnI7vLi_IM,,,,,,,,,,
72,youtube,@myintgotsu,https://www.youtube.com//shorts/0PBzHe1kby8,23,0,4318,2025/2/23,0PBzHe1kby8,,,,,,,,,,
73,youtube,@myintgotsu,https://www.youtube.com//shorts/Fb37ZIf3Me4,13,2,4232,2025/4/4,Fb37ZIf3Me4,,,,,,,,,,
74,youtube,@bigteddybearskitina,https://www.youtube.com//shorts/3hqaFQOxo3k,35,0,4194,2025/2/20,3hqaFQOxo3k,,,,,,,,,,
75,youtube,@myintgotsu,https://www.youtube.com//shorts/SSJIUQSvOww,39,0,4118,2025/3/11,SSJIUQSvOww,,,,,,,,,,
76,youtube,@delimiroorozc,https://www.youtube.com//shorts/0fJYefazTqI,51,0,4037,2025/2/23,0fJYefazTqI,,,,,,,,,,
77,youtube,@delimiroorozc,https://www.youtube.com//shorts/_BXVKezPSw4,20,0,3998,2025/4/1,_BXVKezPSw4,,,,,,,,,,
78,youtube,@myintgotsu,https://www.youtube.com//shorts/Lq_R85HFz0g,36,0,3977,2025/2/21,Lq_R85HFz0g,,,,,,,,,,
79,youtube,@delimiroorozc,https://www.youtube.com//shorts/_dTl84ICGYI,24,1,3972,2025/3/10,_dTl84ICGYI,,,,,,,,,,
80,youtube,@myintgotsu,https://www.youtube.com//shorts/NUHQnot-ZBQ,11,0,3939,2025/4/2,NUHQnot-ZBQ,,,,,,,,,,
81,youtube,@myintgotsu,https://www.youtube.com//shorts/KesAuyWa1EQ,35,0,3907,2025/3/4,KesAuyWa1EQ,,,,,,,,,,
82,youtube,@delimiroorozc,https://www.youtube.com//shorts/HEIluirN4og,35,0,3826,2025/3/8,HEIluirN4og,,,,,,,,,,
83,youtube,@delimiroorozc,https://www.youtube.com//shorts/8u_fgQaRzR4,29,0,3789,2025/2/2,8u_fgQaRzR4,,,,,,,,,,
84,youtube,@bigteddybearskitina,https://www.youtube.com//shorts/DyjPOK8GfAw,24,0,3725,2025/3/19,DyjPOK8GfAw,,,,,,,,,,
85,youtube,@delimiroorozc,https://www.youtube.com//shorts/4cezg0R-yss,24,0,3698,2025/2/13,4cezg0R-yss,,,,,,,,,,
86,youtube,@bigteddybearskitina,https://www.youtube.com//shorts/Gv2xB0TMMa4,23,0,3673,2025/4/1,Gv2xB0TMMa4,,,,,,,,,,
87,youtube,@davidmedeiros-f6g,https://www.youtube.com//shorts/CwMPGMC2p0Q,47,1,3597,2025/3/4,CwMPGMC2p0Q,,,,,,,,,,
88,youtube,@bigteddybearskitina,https://www.youtube.com//shorts/yfHonFDjFm0,24,0,3569,2025/2/19,yfHonFDjFm0,,,,,,,,,,
89,youtube,@delimiroorozc,https://www.youtube.com//shorts/GTQhAi617zo,24,0,3533,2025/2/20,GTQhAi617zo,,,,,,,,,,
90,youtube,@davidmedeiros-f6g,https://www.youtube.com//shorts/jp0xAbca8-4,10,0,3474,2025/4/4,jp0xAbca8-4,,,,,,,,,,
91,youtube,@myintgotsu,https://www.youtube.com//shorts/NfQ7NGDT8nU,38,0,3432,2025/2/6,NfQ7NGDT8nU,,,,,,,,,,
92,youtube,@davidmedeiros-f6g,https://www.youtube.com//shorts/TfeuQ7StRHE,23,0,3377,2025/2/12,TfeuQ7StRHE,,,,,,,,,,
93,youtube,@delimiroorozc,https://www.youtube.com//shorts/m_etxdiwBuw,20,0,3356,2025/3/7,m_etxdiwBuw,,,,,,,,,,
94,youtube,@bigteddybearskitina,https://www.youtube.com//shorts/VN3d0E1CS18,23,0,3353,2025/3/12,VN3d0E1CS18,,,,,,,,,,
95,youtube,@delimiroorozc,https://www.youtube.com//shorts/MrMouAjVKEs,41,1,3326,2025/3/8,MrMouAjVKEs,,,,,,,,,,
96,youtube,@bigteddybearskitina,https://www.youtube.com//shorts/OsTCq7R320g,27,0,3320,2025/2/18,OsTCq7R320g,,,,,,,,,,
97,youtube,@delimiroorozc,https://www.youtube.com//shorts/WRKV70wsAyk,15,0,3135,2025/4/10,WRKV70wsAyk,,,,,,,,,,
98,youtube,@myintgotsu,https://www.youtube.com//shorts/7zUHoDfiyYM,33,0,3089,2025/2/21,7zUHoDfiyYM,,,,,,,,,,
99,youtube,@delimiroorozc,https://www.youtube.com//shorts/XzxgLpShlwU,33,1,2980,2025/1/22,XzxgLpShlwU,,,,,,,,,,
100,youtube,@bigteddybearskitina,https://www.youtube.com//shorts/ThQp9xtBfis,15,0,2978,2025/4/10,ThQp9xtBfis,,,,,,,,,,
101,youtube,@stephaniewarner-e1y,https://www.youtube.com//shorts/P5ZvA5LPjpE,21,0,2952,2025/2/12,P5ZvA5LPjpE,,,,,,,,,,
102,youtube,@bigteddybearskitina,https://www.youtube.com//shorts/jfJUxGBEpTM,36,0,2861,2025/2/14,jfJUxGBEpTM,,,,,,,,,,
103,youtube,@davidmedeiros-f6g,https://www.youtube.com//shorts/iQfGGOSNnfE,16,0,2850,2025/4/9,iQfGGOSNnfE,,,,,,,,,,
104,youtube,@bigteddybearskitina,https://www.youtube.com//shorts/niBj1qk13NU,25,0,2838,2025/2/21,niBj1qk13NU,,,,,,,,,,
105,youtube,@delimiroorozc,https://www.youtube.com//shorts/NYtieerdEPM,39,0,2776,2025/2/19,NYtieerdEPM,,,,,,,,,,
106,youtube,@bigteddybearskitina,https://www.youtube.com//shorts/U1KTIH-rmrw,27,0,2762,2025/3/5,U1KTIH-rmrw,,,,,,,,,,
107,youtube,@myintgotsu,https://www.youtube.com//shorts/CC5Nrwe1RMU,16,0,2658,2025/2/21,CC5Nrwe1RMU,,,,,,,,,,
108,youtube,@delimiroorozc,https://www.youtube.com//shorts/brU3W0unBOQ,10,0,2629,2025/4/9,brU3W0unBOQ,,,,,,,,,,
109,youtube,@delimiroorozc,https://www.youtube.com//shorts/5HS_xj7P0LY,13,0,2539,2025/3/17,5HS_xj7P0LY,,,,,,,,,,
110,youtube,@myintgotsu,https://www.youtube.com//shorts/SHfPnJiIBVw,28,0,2479,2025/3/27,SHfPnJiIBVw,,,,,,,,,,
111,youtube,@bigteddybearskitina,https://www.youtube.com//shorts/xsJohQIQ4Rk,10,0,2472,2025/2/20,xsJohQIQ4Rk,,,,,,,,,,
112,youtube,@stephaniewarner-e1y,https://www.youtube.com//shorts/Tdledh02XAo,29,0,2457,2025/2/27,Tdledh02XAo,,,,,,,,,,
113,youtube,@myintgotsu,https://www.youtube.com//shorts/MObvwuDvXBM,17,0,2407,2025/2/26,MObvwuDvXBM,,,,,,,,,,
114,youtube,@davidmedeiros-f6g,https://www.youtube.com//shorts/hL6-JnNEv0s,20,0,2286,2025/4/2,hL6-JnNEv0s,,,,,,,,,,
115,youtube,@myintgotsu,https://www.youtube.com//shorts/QpdnVGKeM8s,16,0,2263,2025/3/2,QpdnVGKeM8s,,,,,,,,,,
116,youtube,@delimiroorozc,https://www.youtube.com//shorts/QWKlCSaP0RE,22,0,2250,2025/2/21,QWKlCSaP0RE,,,,,,,,,,
117,youtube,@myintgotsu,https://www.youtube.com//shorts/1zVB3I2NKsc,16,0,2239,2025/3/30,1zVB3I2NKsc,,,,,,,,,,
118,youtube,@stephaniewarner-e1y,https://www.youtube.com//shorts/J6ch0v_Powg,21,0,2235,2025/2/18,J6ch0v_Powg,,,,,,,,,,
119,youtube,@bigteddybearskitina,https://www.youtube.com//shorts/KCC1zN_ksrQ,19,0,2206,2025/3/22,KCC1zN_ksrQ,,,,,,,,,,
120,youtube,@bigteddybearskitina,https://www.youtube.com//shorts/NAogocclGE4,16,1,2204,2025/1/22,NAogocclGE4,,,,,,,,,,
121,youtube,@bigteddybearskitina,https://www.youtube.com//shorts/ZwUimHbb3fY,23,0,2147,2025/2/26,ZwUimHbb3fY,,,,,,,,,,
122,youtube,@bigteddybearskitina,https://www.youtube.com//shorts/F-XWB74kGAk,26,0,2141,2025/2/13,F-XWB74kGAk,,,,,,,,,,
123,youtube,@stephaniewarner-e1y,https://www.youtube.com//shorts/0u3PFqFVw6E,20,0,2110,2025/2/26,0u3PFqFVw6E,,,,,,,,,,
124,youtube,@stephaniewarner-e1y,https://www.youtube.com//shorts/BkNcHsxbr6U,5,0,2106,2025/4/10,BkNcHsxbr6U,,,,,,,,,,
125,youtube,@bigteddybearskitina,https://www.youtube.com//shorts/gj5lqskekR0,16,0,2081,2025/2/13,gj5lqskekR0,,,,,,,,,,
126,youtube,@bigteddybearskitina,https://www.youtube.com//shorts/XposHKGicYc,27,0,2075,2025/2/7,XposHKGicYc,,,,,,,,,,
127,youtube,@myintgotsu,https://www.youtube.com//shorts/YwUrXjJa0mI,19,0,2065,2025/2/4,YwUrXjJa0mI,,,,,,,,,,
128,youtube,@myintgotsu,https://www.youtube.com//shorts/DRTCrfeic5U,18,0,2047,2025/2/20,DRTCrfeic5U,,,,,,,,,,
129,youtube,@davidmedeiros-f6g,https://www.youtube.com//shorts/wbBlRnIlTP8,17,0,2046,2025/3/27,wbBlRnIlTP8,,,,,,,,,,
130,youtube,@bigteddybearskitina,https://www.youtube.com//shorts/Ue6P-4PyOWI,21,0,2034,2025/2/19,Ue6P-4PyOWI,,,,,,,,,,
131,youtube,@delimiroorozc,https://www.youtube.com//shorts/HJr-fcAdTaM,25,0,2026,2025/3/5,HJr-fcAdTaM,,,,,,,,,,
132,youtube,@stephaniewarner-e1y,https://www.youtube.com//shorts/F7VP4UbrOG8,30,0,2018,2025/2/12,F7VP4UbrOG8,,,,,,,,,,
133,youtube,@bigteddybearskitina,https://www.youtube.com//shorts/Fhoq_UAgwDM,19,0,2001,2025/3/8,Fhoq_UAgwDM,,,,,,,,,,
134,youtube,@stephaniewarner-e1y,https://www.youtube.com//shorts/jyDXbjWV1wE,10,0,1981,2025/4/4,jyDXbjWV1wE,,,,,,,,,,
135,youtube,@myintgotsu,https://www.youtube.com//shorts/6QAqlwO0Qmk,21,0,1963,2025/3/6,6QAqlwO0Qmk,,,,,,,,,,
136,youtube,@bigteddybearskitina,https://www.youtube.com//shorts/vNlWqbNMRwE,6,0,1914,2025/2/4,vNlWqbNMRwE,,,,,,,,,,
137,youtube,@delimiroorozc,https://www.youtube.com//shorts/D7mHSEkqCnw,18,1,1882,2025/2/22,D7mHSEkqCnw,,,,,,,,,,
138,youtube,@myintgotsu,https://www.youtube.com//shorts/E_77AX_sCvU,19,1,1873,2025/1/25,E_77AX_sCvU,,,,,,,,,,
139,youtube,@stephaniewarner-e1y,https://www.youtube.com//shorts/smTWCne1fQw,10,0,1868,2025/4/2,smTWCne1fQw,,,,,,,,,,
140,youtube,@myintgotsu,https://www.youtube.com//shorts/0oVWjy4ccqw,13,0,1857,2025/3/5,0oVWjy4ccqw,,,,,,,,,,
141,youtube,@bigteddybearskitina,https://www.youtube.com//shorts/uk_PhWwctTY,8,0,1822,2025/2/27,uk_PhWwctTY,,,,,,,,,,
142,youtube,@bigteddybearskitina,https://www.youtube.com//shorts/1D3AiEkKHJY,6,0,1788,2025/4/2,1D3AiEkKHJY,,,,,,,,,,
143,youtube,@bigteddybearskitina,https://www.youtube.com//shorts/psRocOVy2bs,20,0,1781,2025/1/30,psRocOVy2bs,,,,,,,,,,
144,youtube,@delimiroorozc,https://www.youtube.com//shorts/NNMxjYTkyXE,5,1,1762,2025/4/2,NNMxjYTkyXE,,,,,,,,,,
145,youtube,@bigteddybearskitina,https://www.youtube.com//shorts/RgaYK-9Cl8k,2,0,1743,2025/4/2,RgaYK-9Cl8k,,,,,,,,,,
146,youtube,@bigteddybearskitina,https://www.youtube.com//shorts/pJtMpsXAkJQ,11,0,1741,2025/4/1,pJtMpsXAkJQ,,,,,,,,,,
147,youtube,@delimiroorozc,https://www.youtube.com//shorts/il9yKuw__yc,27,0,1741,2025/2/23,il9yKuw__yc,,,,,,,,,,
148,youtube,@stephaniewarner-e1y,https://www.youtube.com//shorts/M2ldCCp3M0Q,10,0,1719,2025/4/2,M2ldCCp3M0Q,,,,,,,,,,
149,youtube,@delimiroorozc,https://www.youtube.com//shorts/C3OBGHCPkMw,8,0,1687,2025/4/2,C3OBGHCPkMw,,,,,,,,,,
150,youtube,@davidmedeiros-f6g,https://www.youtube.com//shorts/MvobVynDQmA,14,0,1667,2025/2/20,MvobVynDQmA,,,,,,,,,,
151,youtube,@delimiroorozc,https://www.youtube.com//shorts/rHgwG561UfY,17,0,1615,2025/2/7,rHgwG561UfY,,,,,,,,,,
152,youtube,@bigteddybearskitina,https://www.youtube.com//shorts/z_6KhIdHLjo,14,0,1582,2025/4/4,z_6KhIdHLjo,,,,,,,,,,
153,youtube,@delimiroorozc,https://www.youtube.com//shorts/KX2lbdSPCAw,4,0,1581,2025/4/4,KX2lbdSPCAw,,,,,,,,,,
154,youtube,@davidmedeiros-f6g,https://www.youtube.com//shorts/NZWvia71AaY,3,0,1527,2025/4/10,NZWvia71AaY,,,,,,,,,,
155,youtube,@bigteddybearskitina,https://www.youtube.com//shorts/WxbTevL-bAs,5,0,1527,2025/4/2,WxbTevL-bAs,,,,,,,,,,
156,youtube,@davidmedeiros-f6g,https://www.youtube.com//shorts/sWPO3D14pts,22,0,1525,2025/3/10,sWPO3D14pts,,,,,,,,,,
157,youtube,@delimiroorozc,https://www.youtube.com//shorts/KI9Sv8wqiwU,19,0,1507,2025/3/30,KI9Sv8wqiwU,,,,,,,,,,
158,youtube,@stephaniewarner-e1y,https://www.youtube.com//shorts/cC3FoRA5Aqk,6,0,1485,2025/4/2,cC3FoRA5Aqk,,,,,,,,,,
159,youtube,@stephaniewarner-e1y,https://www.youtube.com//shorts/5rIi3dneP3U,14,0,1471,2025/2/25,5rIi3dneP3U,,,,,,,,,,
160,youtube,@davidmedeiros-f6g,https://www.youtube.com//shorts/2Az04NhlgyU,28,0,1470,2025/2/21,2Az04NhlgyU,,,,,,,,,,
161,youtube,@myintgotsu,https://www.youtube.com//shorts/a6kSQiqtV3E,13,0,1454,2025/2/11,a6kSQiqtV3E,,,,,,,,,,
162,youtube,@delimiroorozc,https://www.youtube.com//shorts/g-Fh9yGuKLY,7,4,1444,2025/3/19,g-Fh9yGuKLY,,,,,,,,,,
163,youtube,@myintgotsu,https://www.youtube.com//shorts/1j-jWKBn20o,12,0,1436,2025/2/14,1j-jWKBn20o,,,,,,,,,,
164,youtube,@delimiroorozc,https://www.youtube.com//shorts/cPoey2RXmOM,18,0,1419,2025/2/21,cPoey2RXmOM,,,,,,,,,,
165,youtube,@delimiroorozc,https://www.youtube.com//shorts/ZQsIB4F0QMA,5,0,1413,2025/4/2,ZQsIB4F0QMA,,,,,,,,,,
166,youtube,@davidmedeiros-f6g,https://www.youtube.com//shorts/zBzSYxTGqWw,18,0,1400,2025/3/11,zBzSYxTGqWw,,,,,,,,,,
167,youtube,@davidmedeiros-f6g,https://www.youtube.com//shorts/IndXAexJBOM,11,0,1399,2025/2/10,IndXAexJBOM,,,,,,,,,,
168,youtube,@stephaniewarner-e1y,https://www.youtube.com//shorts/L9_HDlBQMOM,2,0,1394,2025/4/3,L9_HDlBQMOM,,,,,,,,,,
169,youtube,@myintgotsu,https://www.youtube.com//shorts/6iMaOuUms_A,8,0,1393,2025/4/13,6iMaOuUms_A,,,,,,,,,,
170,youtube,@myintgotsu,https://www.youtube.com//shorts/2Qajv90qqRw,10,0,1374,2025/3/20,2Qajv90qqRw,,,,,,,,,,
171,youtube,@stephaniewarner-e1y,https://www.youtube.com//shorts/AhY-46rexxI,10,0,1360,2025/2/21,AhY-46rexxI,,,,,,,,,,
172,youtube,@davidmedeiros-f6g,https://www.youtube.com//shorts/X5QzC6O6r3w,10,0,1344,2025/2/19,X5QzC6O6r3w,,,,,,,,,,
173,youtube,@stephaniewarner-e1y,https://www.youtube.com//shorts/nJSghJplKmI,8,0,1338,2025/4/7,nJSghJplKmI,,,,,,,,,,
174,youtube,@delimiroorozc,https://www.youtube.com//shorts/WEaJ2kYpxPM,5,0,1330,2025/2/6,WEaJ2kYpxPM,,,,,,,,,,
175,youtube,@bigteddybearskitina,https://www.youtube.com//shorts/dzmXGxPhsPg,5,0,1306,2025/4/10,dzmXGxPhsPg,,,,,,,,,,
176,youtube,@davidmedeiros-f6g,https://www.youtube.com//shorts/fjR8H7VQK_8,5,0,1271,2025/4/13,fjR8H7VQK_8,,,,,,,,,,
177,youtube,@stephaniewarner-e1y,https://www.youtube.com//shorts/xP4cQVQw6bQ,1,0,1260,2025/4/9,xP4cQVQw6bQ,,,,,,,,,,
178,youtube,@myintgotsu,https://www.youtube.com//shorts/Ww9wj_bdpD4,16,0,1258,2025/4/7,Ww9wj_bdpD4,,,,,,,,,,
179,youtube,@stephaniewarner-e1y,https://www.youtube.com//shorts/f8Q7nx4qQqg,22,0,1246,2025/3/11,f8Q7nx4qQqg,,,,,,,,,,
180,youtube,@myintgotsu,https://www.youtube.com//shorts/oy3zeNuPUr8,10,1,1174,2025/3/8,oy3zeNuPUr8,,,,,,,,,,
181,youtube,@davidmedeiros-f6g,https://www.youtube.com//shorts/rDBDF4FjiL4,9,0,1173,2025/2/19,rDBDF4FjiL4,,,,,,,,,,
182,youtube,@bigteddybearskitina,https://www.youtube.com//shorts/rBY0eqpzAfo,17,0,1172,2025/2/12,rBY0eqpzAfo,,,,,,,,,,
183,youtube,@bigteddybearskitina,https://www.youtube.com//shorts/H59ih5ut_vg,5,0,1129,2025/4/13,H59ih5ut_vg,,,,,,,,,,
184,youtube,@myintgotsu,https://www.youtube.com//shorts/aRaunCX3VnQ,5,0,1114,2025/2/13,aRaunCX3VnQ,,,,,,,,,,
185,youtube,@delimiroorozc,https://www.youtube.com//shorts/doTKQIv_Ru0,13,0,1099,2025/2/21,doTKQIv_Ru0,,,,,,,,,,
186,youtube,@bigteddybearskitina,https://www.youtube.com//shorts/4FC3iDYzzFI,15,0,1089,2025/3/4,4FC3iDYzzFI,,,,,,,,,,
187,youtube,@davidmedeiros-f6g,https://www.youtube.com//shorts/i2iiweHF6uo,5,0,1075,2025/4/3,i2iiweHF6uo,,,,,,,,,,
188,youtube,@bigteddybearskitina,https://www.youtube.com//shorts/ohYNT40HDB8,7,0,1064,2025/4/2,ohYNT40HDB8,,,,,,,,,,
189,youtube,@davidmedeiros-f6g,https://www.youtube.com//shorts/OKvHF4IKPrE,11,0,1061,2025/3/19,OKvHF4IKPrE,,,,,,,,,,
190,youtube,@delimiroorozc,https://www.youtube.com//shorts/GSMc5ILRduM,12,0,1058,2025/2/12,GSMc5ILRduM,,,,,,,,,,
191,youtube,@delimiroorozc,https://www.youtube.com//shorts/rMUrguEPL6U,10,0,1056,2025/3/4,rMUrguEPL6U,,,,,,,,,,
192,youtube,@stephaniewarner-e1y,https://www.youtube.com//shorts/RYtrztJjapk,16,0,1018,2025/3/10,RYtrztJjapk,,,,,,,,,,
193,youtube,@stephaniewarner-e1y,https://www.youtube.com//shorts/i9fBQpPUpAc,4,1,1014,2025/4/13,i9fBQpPUpAc,,,,,,,,,,
194,youtube,@delimiroorozc,https://www.youtube.com//shorts/tu8W-CJidsg,14,0,992,2025/3/4,tu8W-CJidsg,,,,,,,,,,
195,youtube,@stephaniewarner-e1y,https://www.youtube.com//shorts/OgHEzp8HAYs,7,0,964,2025/2/16,OgHEzp8HAYs,,,,,,,,,,
196,youtube,@davidmedeiros-f6g,https://www.youtube.com//shorts/ZMb0GHTSb8o,3,0,961,2025/3/17,ZMb0GHTSb8o,,,,,,,,,,
197,youtube,@delimiroorozc,https://www.youtube.com//shorts/fCzaVzBDkwA,5,0,960,2025/4/13,fCzaVzBDkwA,,,,,,,,,,
198,youtube,@bigteddybearskitina,https://www.youtube.com//shorts/W5t8XW3A_04,4,0,957,2025/3/7,W5t8XW3A_04,,,,,,,,,,
199,youtube,@bigteddybearskitina,https://www.youtube.com//shorts/C4uFROfe9bU,12,0,927,2025/1/25,C4uFROfe9bU,,,,,,,,,,
200,youtube,@davidmedeiros-f6g,https://www.youtube.com//shorts/NHA_h9V8sKg,11,0,923,2025/2/26,NHA_h9V8sKg,,,,,,,,,,
201,youtube,@delimiroorozc,https://www.youtube.com//shorts/tnECchq1XLA,9,2,906,2025/2/26,tnECchq1XLA,,,,,,,,,,
202,youtube,@myintgotsu,https://www.youtube.com//shorts/yBvRb-R25T8,9,0,887,2025/2/27,yBvRb-R25T8,,,,,,,,,,
203,youtube,@bigteddybearskitina,https://www.youtube.com//shorts/6CTvIoNJyDw,13,0,881,2025/2/23,6CTvIoNJyDw,,,,,,,,,,
204,youtube,@myintgotsu,https://www.youtube.com//shorts/dMqaccz1H54,10,0,868,2025/2/2,dMqaccz1H54,,,,,,,,,,
205,youtube,@davidmedeiros-f6g,https://www.youtube.com//shorts/eNPf1uMocaQ,11,0,864,2025/2/3,eNPf1uMocaQ,,,,,,,,,,
206,youtube,@davidmedeiros-f6g,https://www.youtube.com//shorts/dwW6SMSfJiI,3,0,861,2025/2/21,dwW6SMSfJiI,,,,,,,,,,
207,youtube,@stephaniewarner-e1y,https://www.youtube.com//shorts/lmW4P8ZW-WI,12,0,856,2025/2/17,lmW4P8ZW-WI,,,,,,,,,,
208,youtube,@delimiroorozc,https://www.youtube.com//shorts/w0hzssF_ZnQ,10,0,855,2025/2/3,w0hzssF_ZnQ,,,,,,,,,,
209,youtube,@myintgotsu,https://www.youtube.com//shorts/UBdCylVorks,8,0,836,2025/3/17,UBdCylVorks,,,,,,,,,,
210,youtube,@myintgotsu,https://www.youtube.com//shorts/TTobZWVFy2k,18,0,828,2025/1/30,TTobZWVFy2k,,,,,,,,,,
211,youtube,@delimiroorozc,https://www.youtube.com//shorts/kdWzveNVc4E,10,0,815,2025/2/28,kdWzveNVc4E,,,,,,,,,,
212,youtube,@stephaniewarner-e1y,https://www.youtube.com//shorts/TMfMYars7M4,4,0,803,2025/2/22,TMfMYars7M4,,,,,,,,,,
213,youtube,@delimiroorozc,https://www.youtube.com//shorts/KALPGJaG8X0,11,0,799,2025/2/25,KALPGJaG8X0,,,,,,,,,,
214,youtube,@myintgotsu,https://www.youtube.com//shorts/5avIdZLQchw,9,0,784,2025/3/14,5avIdZLQchw,,,,,,,,,,
215,youtube,@stephaniewarner-e1y,https://www.youtube.com//shorts/oXOW_130OMg,14,0,759,2025/3/21,oXOW_130OMg,,,,,,,,,,
216,youtube,@stephaniewarner-e1y,https://www.youtube.com//shorts/M0s3a_SAptA,9,1,759,2025/2/10,M0s3a_SAptA,,,,,,,,,,
217,youtube,@myintgotsu,https://www.youtube.com//shorts/EO0jbtZ-Mb4,4,1,758,2025/2/5,EO0jbtZ-Mb4,,,,,,,,,,
218,youtube,@delimiroorozc,https://www.youtube.com//shorts/kB6SBLDvU-s,7,0,756,2025/2/11,kB6SBLDvU-s,,,,,,,,,,
219,youtube,@davidmedeiros-f6g,https://www.youtube.com//shorts/WzuiwBhs3DY,9,0,752,2025/3/10,WzuiwBhs3DY,,,,,,,,,,
220,youtube,@delimiroorozc,https://www.youtube.com//shorts/_8q0b3fLdRY,6,3,749,2025/3/27,_8q0b3fLdRY,,,,,,,,,,
221,youtube,@stephaniewarner-e1y,https://www.youtube.com//shorts/hVZNQPei7g8,5,0,746,2025/3/13,hVZNQPei7g8,,,,,,,,,,
222,youtube,@stephaniewarner-e1y,https://www.youtube.com//shorts/mainaBuRBiQ,5,0,737,2025/2/12,mainaBuRBiQ,,,,,,,,,,
223,youtube,@stephaniewarner-e1y,https://www.youtube.com//shorts/w-hZgtJKzEg,5,0,731,2025/3/27,w-hZgtJKzEg,,,,,,,,,,
224,youtube,@stephaniewarner-e1y,https://www.youtube.com//shorts/MnnjmGpcd2s,4,0,730,2025/3/30,MnnjmGpcd2s,,,,,,,,,,
225,youtube,@bigteddybearskitina,https://www.youtube.com//shorts/W2rOFt2NeLk,5,0,725,2025/3/20,W2rOFt2NeLk,,,,,,,,,,
226,youtube,@bigteddybearskitina,https://www.youtube.com//shorts/VXMYDjO7rF0,9,0,721,2025/3/15,VXMYDjO7rF0,,,,,,,,,,
227,youtube,@stephaniewarner-e1y,https://www.youtube.com//shorts/CKzm9L1aTBE,6,0,708,2025/2/19,CKzm9L1aTBE,,,,,,,,,,
228,youtube,@bigteddybearskitina,https://www.youtube.com//shorts/RJ0I0wmFhhA,22,0,707,2025/2/3,RJ0I0wmFhhA,,,,,,,,,,
229,youtube,@bigteddybearskitina,https://www.youtube.com//shorts/obs7O1VPqpk,12,0,706,2025/3/27,obs7O1VPqpk,,,,,,,,,,
230,youtube,@davidmedeiros-f6g,https://www.youtube.com//shorts/X2d2q_x3v9s,9,0,703,2025/2/21,X2d2q_x3v9s,,,,,,,,,,
231,youtube,@stephaniewarner-e1y,https://www.youtube.com//shorts/I3AhA6luSIo,14,0,691,2025/3/19,I3AhA6luSIo,,,,,,,,,,
232,youtube,@delimiroorozc,https://www.youtube.com//shorts/ypy7BYD-_Ac,6,0,686,2025/4/7,ypy7BYD-_Ac,,,,,,,,,,
233,youtube,@delimiroorozc,https://www.youtube.com//shorts/rkclKp09JFs,9,0,677,2025/3/22,rkclKp09JFs,,,,,,,,,,
234,youtube,@davidmedeiros-f6g,https://www.youtube.com//shorts/burEXu4qLuI,3,0,675,2025/3/12,burEXu4qLuI,,,,,,,,,,
235,youtube,@davidmedeiros-f6g,https://www.youtube.com//shorts/5MylRMiajec,11,0,651,2025/3/25,5MylRMiajec,,,,,,,,,,
236,youtube,@davidmedeiros-f6g,https://www.youtube.com//shorts/mkxrl0hQ4Us,9,0,651,2025/2/17,mkxrl0hQ4Us,,,,,,,,,,
237,youtube,@bigteddybearskitina,https://www.youtube.com//shorts/dYgXwUlMeHw,6,0,651,2025/2/2,dYgXwUlMeHw,,,,,,,,,,
238,youtube,@delimiroorozc,https://www.youtube.com//shorts/XeCK_Ojs6gM,6,0,647,2025/1/23,XeCK_Ojs6gM,,,,,,,,,,
239,youtube,@bigteddybearskitina,https://www.youtube.com//shorts/IsRXixYu1gc,14,0,644,2025/3/14,IsRXixYu1gc,,,,,,,,,,
240,youtube,@davidmedeiros-f6g,https://www.youtube.com//shorts/IscLB3KoOVE,16,0,641,2025/3/17,IscLB3KoOVE,,,,,,,,,,
241,youtube,@stephaniewarner-e1y,https://www.youtube.com//shorts/BCLtsEM0mjM,8,0,638,2025/3/5,BCLtsEM0mjM,,,,,,,,,,
242,youtube,@stephaniewarner-e1y,https://www.youtube.com//shorts/v19J1SWB5Vo,8,0,635,2025/3/28,v19J1SWB5Vo,,,,,,,,,,
243,youtube,@delimiroorozc,https://www.youtube.com//shorts/AdYvPYesfgo,11,0,635,2025/3/6,AdYvPYesfgo,,,,,,,,,,
244,youtube,@davidmedeiros-f6g,https://www.youtube.com//shorts/0-SCRGHVcwc,4,0,635,2025/2/26,0-SCRGHVcwc,,,,,,,,,,
245,youtube,@stephaniewarner-e1y,https://www.youtube.com//shorts/BSN20HBtBAo,2,0,634,2025/3/4,BSN20HBtBAo,,,,,,,,,,
246,youtube,@myintgotsu,https://www.youtube.com//shorts/UVddsYtnlHo,12,0,633,2025/3/10,UVddsYtnlHo,,,,,,,,,,
247,youtube,@davidmedeiros-f6g,https://www.youtube.com//shorts/ilSVqZITKpQ,8,0,630,2025/2/5,ilSVqZITKpQ,,,,,,,,,,
248,youtube,@delimiroorozc,https://www.youtube.com//shorts/mIFH7TxZSp4,9,1,621,2025/3/15,mIFH7TxZSp4,,,,,,,,,,
249,youtube,@bigteddybearskitina,https://www.youtube.com//shorts/wwlMA53Gsu0,9,0,621,2025/1/23,wwlMA53Gsu0,,,,,,,,,,
250,youtube,@davidmedeiros-f6g,https://www.youtube.com//shorts/1v-pXGBkfIo,2,0,615,2025/2/7,1v-pXGBkfIo,,,,,,,,,,
251,youtube,@delimiroorozc,https://www.youtube.com//shorts/lEZ9sb505yY,9,0,607,2025/1/25,lEZ9sb505yY,,,,,,,,,,
252,youtube,@myintgotsu,https://www.youtube.com//shorts/5JWgtbdgmH0,15,0,606,2025/2/3,5JWgtbdgmH0,,,,,,,,,,
253,youtube,@bigteddybearskitina,https://www.youtube.com//shorts/vnZdoGxjnVg,9,0,604,2025/3/28,vnZdoGxjnVg,,,,,,,,,,
254,youtube,@myintgotsu,https://www.youtube.com//shorts/c3m5NzHPTdU,8,0,603,2025/2/22,c3m5NzHPTdU,,,,,,,,,,
255,youtube,@stephaniewarner-e1y,https://www.youtube.com//shorts/UNDhlMDWAss,7,0,576,2025/2/19,UNDhlMDWAss,,,,,,,,,,
256,youtube,@myintgotsu,https://www.youtube.com//shorts/zZl_oQM6VEQ,18,0,569,2025/3/22,zZl_oQM6VEQ,,,,,,,,,,
257,youtube,@davidmedeiros-f6g,https://www.youtube.com//shorts/YblIRhxy0WE,4,0,566,2025/3/30,YblIRhxy0WE,,,,,,,,,,
258,youtube,@davidmedeiros-f6g,https://www.youtube.com//shorts/l3kIFMQohCw,9,0,565,2025/2/1,l3kIFMQohCw,,,,,,,,,,
259,youtube,@bigteddybearskitina,https://www.youtube.com//shorts/2nU7A9QvMJw,3,0,561,2025/2/26,2nU7A9QvMJw,,,,,,,,,,
260,youtube,@bigteddybearskitina,https://www.youtube.com//shorts/Z0e8r0lqZvY,9,0,561,2025/2/23,Z0e8r0lqZvY,,,,,,,,,,
261,youtube,@delimiroorozc,https://www.youtube.com//shorts/yc4OQKOR-2g,12,0,556,2025/2/20,yc4OQKOR-2g,,,,,,,,,,
262,youtube,@delimiroorozc,https://www.youtube.com//shorts/um6_UO6G6Gs,9,0,556,2025/2/18,um6_UO6G6Gs,,,,,,,,,,
263,youtube,@stephaniewarner-e1y,https://www.youtube.com//shorts/uh6cHEeTdYg,6,0,553,2025/3/4,uh6cHEeTdYg,,,,,,,,,,
264,youtube,@bigteddybearskitina,https://www.youtube.com//shorts/LSmkOz3Gfi0,12,0,547,2025/3/8,LSmkOz3Gfi0,,,,,,,,,,
265,youtube,@delimiroorozc,https://www.youtube.com//shorts/CC3wQf38Jg8,5,0,542,2025/2/15,CC3wQf38Jg8,,,,,,,,,,
266,youtube,@myintgotsu,https://www.youtube.com//shorts/BbiWDOwlnIA,4,0,541,2025/2/12,BbiWDOwlnIA,,,,,,,,,,
267,youtube,@bigteddybearskitina,https://www.youtube.com//shorts/ntMaD0z5QgU,11,0,539,2025/2/23,ntMaD0z5QgU,,,,,,,,,,
268,youtube,@myintgotsu,https://www.youtube.com//shorts/mVplzgacrBg,7,0,536,2025/3/15,mVplzgacrBg,,,,,,,,,,
269,youtube,@davidmedeiros-f6g,https://www.youtube.com//shorts/eh3_Mp3etg0,9,0,535,2025/3/28,eh3_Mp3etg0,,,,,,,,,,
270,youtube,@bigteddybearskitina,https://www.youtube.com//shorts/8PRlcBa_90I,4,0,531,2025/4/7,8PRlcBa_90I,,,,,,,,,,
271,youtube,@bigteddybearskitina,https://www.youtube.com//shorts/6QIdh9lPolY,7,0,525,2025/2/5,6QIdh9lPolY,,,,,,,,,,
272,youtube,@stephaniewarner-e1y,https://www.youtube.com//shorts/is_R9a3EtBY,7,0,521,2025/2/13,is_R9a3EtBY,,,,,,,,,,
273,youtube,@myintgotsu,https://www.youtube.com//shorts/5qCwCgTCUGE,8,0,518,2025/3/28,5qCwCgTCUGE,,,,,,,,,,
274,youtube,@myintgotsu,https://www.youtube.com//shorts/vK17rg4MGzY,2,0,518,2025/2/7,vK17rg4MGzY,,,,,,,,,,
275,youtube,@delimiroorozc,https://www.youtube.com//shorts/xA1mpkiaDSI,6,0,518,2025/2/5,xA1mpkiaDSI,,,,,,,,,,
276,youtube,@davidmedeiros-f6g,https://www.youtube.com//shorts/_29C5Y0cskA,17,0,515,2025/3/24,_29C5Y0cskA,,,,,,,,,,
277,youtube,@davidmedeiros-f6g,https://www.youtube.com//shorts/NMm3fB3zOmg,5,0,504,2025/3/6,NMm3fB3zOmg,,,,,,,,,,
278,youtube,@davidmedeiros-f6g,https://www.youtube.com//shorts/TENc71lxZS4,4,1,500,2025/2/21,TENc71lxZS4,,,,,,,,,,
279,youtube,@bigteddybearskitina,https://www.youtube.com//shorts/7qrVwEKGZNI,6,0,499,2025/2/17,7qrVwEKGZNI,,,,,,,,,,
280,youtube,@bigteddybearskitina,https://www.youtube.com//shorts/ofs4P3PLwgY,5,0,493,2025/3/6,ofs4P3PLwgY,,,,,,,,,,
281,youtube,@stephaniewarner-e1y,https://www.youtube.com//shorts/veiy0mLFJbM,6,0,490,2025/3/9,veiy0mLFJbM,,,,,,,,,,
282,youtube,@myintgotsu,https://www.youtube.com//shorts/eO603iRsCAw,4,0,490,2025/2/18,eO603iRsCAw,,,,,,,,,,
283,youtube,@myintgotsu,https://www.youtube.com//shorts/jJR47Hk78D4,4,0,489,2025/2/23,jJR47Hk78D4,,,,,,,,,,
284,youtube,@bigteddybearskitina,https://www.youtube.com//shorts/JsTZB8c6hXM,4,0,489,2025/2/11,JsTZB8c6hXM,,,,,,,,,,
285,youtube,@bigteddybearskitina,https://www.youtube.com//shorts/raCvdTe_8IE,21,1,483,2025/2/8,raCvdTe_8IE,,,,,,,,,,
286,youtube,@bigteddybearskitina,https://www.youtube.com//shorts/IwzSasN4BvU,8,0,482,2025/2/22,IwzSasN4BvU,,,,,,,,,,
287,youtube,@stephaniewarner-e1y,https://www.youtube.com//shorts/Pjx7U_-556w,11,0,481,2025/3/6,Pjx7U_-556w,,,,,,,,,,
288,youtube,@davidmedeiros-f6g,https://www.youtube.com//shorts/srMJ5RIZa48,3,0,476,2025/2/12,srMJ5RIZa48,,,,,,,,,,
289,youtube,@stephaniewarner-e1y,https://www.youtube.com//shorts/XwTva51Mjlk,3,0,472,2025/3/2,XwTva51Mjlk,,,,,,,,,,
290,youtube,@stephaniewarner-e1y,https://www.youtube.com//shorts/QoOKnmNRjQg,8,0,466,2025/2/19,QoOKnmNRjQg,,,,,,,,,,
291,youtube,@bigteddybearskitina,https://www.youtube.com//shorts/8GEgGpIypS4,7,0,464,2025/2/12,8GEgGpIypS4,,,,,,,,,,
292,youtube,@stephaniewarner-e1y,https://www.youtube.com//shorts/bXn8888u7QI,5,0,462,2025/2/14,bXn8888u7QI,,,,,,,,,,
293,youtube,@bigteddybearskitina,https://www.youtube.com//shorts/evGQrJ2pbpo,8,0,454,2025/3/17,evGQrJ2pbpo,,,,,,,,,,
294,youtube,@delimiroorozc,https://www.youtube.com//shorts/pt34d0Vc9qI,5,0,453,2025/2/17,pt34d0Vc9qI,,,,,,,,,,
295,youtube,@stephaniewarner-e1y,https://www.youtube.com//shorts/uOYr4WLBea8,5,0,449,2025/3/17,uOYr4WLBea8,,,,,,,,,,
296,youtube,@bigteddybearskitina,https://www.youtube.com//shorts/iTE-CdcVzWI,11,0,449,2025/2/21,iTE-CdcVzWI,,,,,,,,,,
297,youtube,@myintgotsu,https://www.youtube.com//shorts/SSZu_xbyajk,8,0,445,2025/2/12,SSZu_xbyajk,,,,,,,,,,
298,youtube,@myintgotsu,https://www.youtube.com//shorts/6Y3DRXjT2ns,7,0,444,2025/2/23,6Y3DRXjT2ns,,,,,,,,,,
299,youtube,@myintgotsu,https://www.youtube.com//shorts/bJbPtn8O7xA,5,0,439,2025/2/17,bJbPtn8O7xA,,,,,,,,,,
300,youtube,@delimiroorozc,https://www.youtube.com//shorts/a79D0-2bZa8,4,2,436,2025/2/14,a79D0-2bZa8,,,,,,,,,,
301,youtube,@bigteddybearskitina,https://www.youtube.com//shorts/9R-qGPREn3w,8,0,435,2025/2/7,9R-qGPREn3w,,,,,,,,,,
302,youtube,@davidmedeiros-f6g,https://www.youtube.com//shorts/QzoD7KvUdHI,5,0,434,2025/2/25,QzoD7KvUdHI,,,,,,,,,,
303,youtube,@davidmedeiros-f6g,https://www.youtube.com//shorts/U58Q7jlq4P0,4,0,432,2025/2/8,U58Q7jlq4P0,,,,,,,,,,
304,youtube,@davidmedeiros-f6g,https://www.youtube.com//shorts/nM-36V0mdu8,1,0,430,2025/2/16,nM-36V0mdu8,,,,,,,,,,
305,youtube,@stephaniewarner-e1y,https://www.youtube.com//shorts/KYafkgmuUgA,10,0,429,2025/2/21,KYafkgmuUgA,,,,,,,,,,
306,youtube,@bigteddybearskitina,https://www.youtube.com//shorts/ZV2xsemqJ4g,7,0,425,2025/2/21,ZV2xsemqJ4g,,,,,,,,,,
307,youtube,@davidmedeiros-f6g,https://www.youtube.com//shorts/Iy5NtP7sx_4,13,0,416,2025/3/3,Iy5NtP7sx_4,,,,,,,,,,
308,youtube,@davidmedeiros-f6g,https://www.youtube.com//shorts/Zjrsj-AXYBY,7,0,411,2025/3/4,Zjrsj-AXYBY,,,,,,,,,,
309,youtube,@davidmedeiros-f6g,https://www.youtube.com//shorts/zeXnRIgt_AM,7,0,324,2025/4/2,zeXnRIgt_AM,,,,,,,,,,
310,youtube,@bigteddybearskitina,https://www.youtube.com//shorts/BB4UZsYD-8A,4,0,322,2025/2/15,BB4UZsYD-8A,,,,,,,,,,
311,youtube,@delimiroorozc,https://www.youtube.com//shorts/viXrEu0pH2I,1,0,273,2025/3/10,viXrEu0pH2I,,,,,,,,,,
312,youtube,@delimiroorozc,https://www.youtube.com//shorts/Y0JRSC3UX08,9,0,225,2025/3/24,Y0JRSC3UX08,,,,,,,,,,
313,youtube,@bigteddybearskitina,https://www.youtube.com//shorts/NERPclEPUV4,11,0,219,2025/3/10,NERPclEPUV4,,,,,,,,,,
314,youtube,@myintgotsu,https://www.youtube.com//shorts/DigORvwXQx8,3,0,199,2025/2/15,DigORvwXQx8,,,,,,,,,,
315,youtube,@bigteddybearskitina,https://www.youtube.com//shorts/EfzWWTe0DZA,9,0,192,2025/3/11,EfzWWTe0DZA,,,,,,,,,,
316,youtube,@bigteddybearskitina,https://www.youtube.com//shorts/ldveJlIBc8I,2,0,129,2025/4/4,ldveJlIBc8I,,,,,,,,,,
317,youtube,@myintgotsu,https://www.youtube.com//shorts/jKD-V1BCNfE,8,0,126,2025/3/24,jKD-V1BCNfE,,,,,,,,,,
318,youtube,@davidmedeiros-f6g,https://www.youtube.com//shorts/V38U0xqoCeI,2,0,118,2025/4/1,V38U0xqoCeI,,,,,,,,,,
319,youtube,@myintgotsu,https://www.youtube.com//shorts/9Mldfhf5D0g,7,0,67,2025/4/13,9Mldfhf5D0g,,,,,,,,,,
320,youtube,@stephaniewarner-e1y,https://www.youtube.com//shorts/vW3U6yExXFU,7,0,61,2025/3/24,vW3U6yExXFU,,,,,,,,,,
321,youtube,@bigteddybearskitina,https://www.youtube.com//shorts/fPu6URdXyxU,2,0,54,2025/2/20,fPu6URdXyxU,,,,,,,,,,
322,youtube,@davidmedeiros-f6g,https://www.youtube.com//shorts/3zsEH4Y5BVs,1,0,52,2025/1/28,3zsEH4Y5BVs,,,,,,,,,,
323,youtube,@davidmedeiros-f6g,https://www.youtube.com//shorts/JW4OJYHuKKg,7,0,46,2025/3/13,JW4OJYHuKKg,,,,,,,,,,
324,youtube,@bigteddybearskitina,https://www.youtube.com//shorts/iNuDUrhukU0,1,0,44,2025/4/9,iNuDUrhukU0,,,,,,,,,,
325,youtube,@delimiroorozc,https://www.youtube.com//shorts/-zX9xtkH8OM,7,0,44,2025/3/28,-zX9xtkH8OM,,,,,,,,,,
326,youtube,@davidmedeiros-f6g,https://www.youtube.com//shorts/VNDZCevEwCs,7,0,43,2025/4/7,VNDZCevEwCs,,,,,,,,,,
327,youtube,@stephaniewarner-e1y,https://www.youtube.com//shorts/iC4cblMv5Go,7,0,19,2025/4/7,iC4cblMv5Go,,,,,,,,,,
328,youtube,@bigteddybearskitina,https://www.youtube.com//shorts/XFb9EOWXR8E,7,0,11,2025/3/24,XFb9EOWXR8E,,,,,,,,,,
329,youtube,@davidmedeiros-f6g,https://www.youtube.com//shorts/UzlvAnZSKJI,7,0,5,2025/4/7,UzlvAnZSKJI,,,,,,,,,,
330,youtube,@delimiroorozc,https://www.youtube.com//shorts/HQk7Wwb1k2M,7,0,4,2025/4/13,HQk7Wwb1k2M,,,,,,,,,,
331,youtube,@bigteddybearskitina,https://www.youtube.com//shorts/lLyJyokvmAQ,7,0,1,2025/4/13,lLyJyokvmAQ,,,,,,,,,,
332,youtube,@stephaniewarner-e1y,https://www.youtube.com//shorts/ChFnq4Ct584,1,0,1,2025/3/17,ChFnq4Ct584,,,,,,,,,,