selfkoc_post_url,Likes,Comments,Views,selfkoc_post_date,selfkoc_account,selfkoc_video_id,,,,,,,,,,,,
https://www.instagram.com/frankrobert4f0z/reel/DGUYJguMvvq/,10,0,"7,859",2025/2/21,frankrobert4f0z,DGUYJguMvvq,,,,,,,,,,,,
https://www.instagram.com/ellisbobby4ni/reel/DGu8Pc_xsfV/,11,0,"3,511",2025/3/4,ellisbobby4ni,DGu8Pc_xsfV,,,,,,,,,,,,
https://www.instagram.com/ellisbobby4ni/reel/DGQyS6QRTnc/,13,3,"3,388",2025/2/20,ellisbobby4ni,DGQyS6QRTnc,,,,,,,,,,,,
https://www.instagram.com/griffinflorry1q0l9a/reel/DHq2N_mu75-/,23,0,"3,219",2025/3/27,griffinflorry1q0l9a,DHq2N_mu75-,,,,,,,,,,,,
https://www.instagram.com/frankrobert4f0z/reel/DGs3JFqMvSh/,8,0,"3,197",2025/3/3,frankrobert4f0z,DGs3JFqMvSh,,,,,,,,,,,,
https://www.instagram.com/frankrobert4f0z/reel/DHEEuqnMQaV/,26,1,"3,064",2025/3/12,frankrobert4f0z,DHEEuqnMQaV,,,,,,,,,,,,
https://www.instagram.com/lucaswalter13jq/reel/DGqj0E5ORSq/,23,0,"3,058",2025/3/2,lucaswalter13jq,DGqj0E5ORSq,,,,,,,,,,,,
https://www.instagram.com/lucaswalter13jq/reel/DGs_o35ut6x/,12,0,"2,930",2025/3/3,lucaswalter13jq,DGs_o35ut6x,,,,,,,,,,,,
https://www.instagram.com/lucaswalter13jq/reel/DGikMFSu0a4/,14,0,"2,668",2025/2/26,lucaswalter13jq,DGikMFSu0a4,,,,,,,,,,,,
https://www.instagram.com/lucaswalter13jq/reel/DG0dnvZu90J/,17,0,"2,656",2025/3/6,lucaswalter13jq,DG0dnvZu90J,,,,,,,,,,,,
https://www.instagram.com/lucaswalter13jq/reel/DGu8LXmOu6-/,13,0,"2,470",2025/3/4,lucaswalter13jq,DGu8LXmOu6-,,,,,,,,,,,,
https://www.instagram.com/ellisbobby4ni/reel/DGyCWl-RNTY/,6,0,"2,463",2025/3/5,ellisbobby4ni,DGyCWl-RNTY,,,,,,,,,,,,
https://www.instagram.com/griffinflorry1q0l9a/reel/DG7Ww7iM2XM/,5,0,"2,453",2025/3/9,griffinflorry1q0l9a,DG7Ww7iM2XM,,,,,,,,,,,,
https://www.instagram.com/griffinflorry1q0l9a/reel/DIWdboSsFgp/,4,0,"2,381",2025/4/12,griffinflorry1q0l9a,DIWdboSsFgp,,,,,,,,,,,,
https://www.instagram.com/lucaswalter13jq/reel/DGQwpwKO5J5/,22,0,"2,293",2025/2/20,lucaswalter13jq,DGQwpwKO5J5,,,,,,,,,,,,
https://www.instagram.com/griffinflorry1q0l9a/reel/DHGrH_2MV2g/,3,0,"2,250",2025/3/13,griffinflorry1q0l9a,DHGrH_2MV2g,,,,,,,,,,,,
https://www.instagram.com/frankrobert4f0z/reel/DH8wq0muBqe/,4,0,"2,201",2025/4/3,frankrobert4f0z,DH8wq0muBqe,,,,,,,,,,,,
https://www.instagram.com/lucaswalter13jq/reel/DF9NRuStUGM/,2,0,"2,117",2025/2/12,lucaswalter13jq,DF9NRuStUGM,,,,,,,,,,,,
https://www.instagram.com/lucaswalter13jq/reel/DHD4gjOOaW2/,6,0,"2,109",2025/3/12,lucaswalter13jq,DHD4gjOOaW2,,,,,,,,,,,,
https://www.instagram.com/frankrobert4f0z/reel/DHTClCRuvBE/,3,0,"2,064",2025/3/18,frankrobert4f0z,DHTClCRuvBE,,,,,,,,,,,,
https://www.instagram.com/frankrobert4f0z/reel/DHLbl-EM8GE/,4,0,"2,004",2025/3/15,frankrobert4f0z,DHLbl-EM8GE,,,,,,,,,,,,
https://www.instagram.com/frankrobert4f0z/reel/DGc_nPVON-m/,6,0,"2,000",2025/2/24,frankrobert4f0z,DGc_nPVON-m,,,,,,,,,,,,
https://www.instagram.com/griffinflorry1q0l9a/reel/DGs3IxCOakU/,2,0,"1,984",2025/3/3,griffinflorry1q0l9a,DGs3IxCOakU,,,,,,,,,,,,
https://www.instagram.com/lucaswalter13jq/reel/DFwWeEGtwl_/,2,0,"1,979",2025/2/7,lucaswalter13jq,DFwWeEGtwl_,,,,,,,,,,,,
https://www.instagram.com/griffinflorry1q0l9a/reel/DG4X_S2Ma9M/,13,0,"1,970",2025/3/7,griffinflorry1q0l9a,DG4X_S2Ma9M,,,,,,,,,,,,
https://www.instagram.com/ellisbobby4ni/reel/DGnVvA1xXJe/,8,0,"1,942",2025/2/28,ellisbobby4ni,DGnVvA1xXJe,,,,,,,,,,,,
https://www.instagram.com/ellisbobby4ni/reel/DGVqcgpxmYv/,10,0,"1,932",2025/2/21,ellisbobby4ni,DGVqcgpxmYv,,,,,,,,,,,,
https://www.instagram.com/ellisbobby4ni/reel/DGiaRkyxmkq/,11,0,"1,914",2025/2/26,ellisbobby4ni,DGiaRkyxmkq,,,,,,,,,,,,
https://www.instagram.com/ellisbobby4ni/reel/DGTCGCex9pz/,9,0,"1,903",2025/2/20,ellisbobby4ni,DGTCGCex9pz,,,,,,,,,,,,
https://www.instagram.com/griffinflorry1q0l9a/reel/DHEEutGsmml/,7,0,"1,873",2025/3/12,griffinflorry1q0l9a,DHEEutGsmml,,,,,,,,,,,,
https://www.instagram.com/lucaswalter13jq/reel/DG8foLbOo3M/,1,0,"1,872",2025/3/9,lucaswalter13jq,DG8foLbOo3M,,,,,,,,,,,,
https://www.instagram.com/lucaswalter13jq/reel/DHTC2bquTbt/,11,0,"1,867",2025/3/18,lucaswalter13jq,DHTC2bquTbt,,,,,,,,,,,,
https://www.instagram.com/ellisbobby4ni/reel/DGQPPJFxFk8/,0,,"1,850",2025/2/19,ellisbobby4ni,DGQPPJFxFk8,,,,,,,,,,,,
https://www.instagram.com/griffinflorry1q0l9a/reel/DGyCWqfRDKM/,5,0,"1,844",2025/3/5,griffinflorry1q0l9a,DGyCWqfRDKM,,,,,,,,,,,,
https://www.instagram.com/lucaswalter13jq/reel/DGGW-9qu3c-/,3,1,"1,823",2025/2/16,lucaswalter13jq,DGGW-9qu3c-,,,,,,,,,,,,
https://www.instagram.com/lucaswalter13jq/reel/DFsahXwuW57/,5,0,"1,796",2025/2/5,lucaswalter13jq,DFsahXwuW57,,,,,,,,,,,,
https://www.instagram.com/frankrobert4f0z/reel/DG7WwzkMaOY/,,,"1,782",2025/3/9,frankrobert4f0z,DG7WwzkMaOY,,,,,,,,,,,,
https://www.instagram.com/griffinflorry1q0l9a/reel/DGVqcWhuhxo/,2,0,"1,780",2025/2/21,griffinflorry1q0l9a,DGVqcWhuhxo,,,,,,,,,,,,
https://www.instagram.com/frankrobert4f0z/reel/DGyCWs_p3oF/,9,0,"1,777",2025/3/5,frankrobert4f0z,DGyCWs_p3oF,,,,,,,,,,,,
https://www.instagram.com/griffinflorry1q0l9a/reel/DG51082MbXM/,10,0,"1,776",2025/3/8,griffinflorry1q0l9a,DG51082MbXM,,,,,,,,,,,,
https://www.instagram.com/lucaswalter13jq/reel/DHGrdPmu1e7/,,,"1,771",2025/3/13,lucaswalter13jq,DHGrdPmu1e7,,,,,,,,,,,,
https://www.instagram.com/lucaswalter13jq/reel/DG4ZpNgtZoM/,5,0,"1,767",2025/3/7,lucaswalter13jq,DG4ZpNgtZoM,,,,,,,,,,,,
https://www.instagram.com/griffinflorry1q0l9a/reel/DHbTvOuMTmf/,5,0,"1,747",2025/3/21,griffinflorry1q0l9a,DHbTvOuMTmf,,,,,,,,,,,,
https://www.instagram.com/ellisbobby4ni/reel/DG7WxIPMee2/,1,0,"1,737",2025/3/9,ellisbobby4ni,DG7WxIPMee2,,,,,,,,,,,,
https://www.instagram.com/griffinflorry1q0l9a/reel/DGu8JrdOAiq/,5,0,"1,722",2025/3/4,griffinflorry1q0l9a,DGu8JrdOAiq,,,,,,,,,,,,
https://www.instagram.com/lucaswalter13jq/reel/DGesxa4tgvO/,2,0,"1,714",2025/2/25,lucaswalter13jq,DGesxa4tgvO,,,,,,,,,,,,
https://www.instagram.com/griffinflorry1q0l9a/reel/DGQQ5seOLIj/,1,0,"1,706",2025/2/19,griffinflorry1q0l9a,DGQQ5seOLIj,,,,,,,,,,,,
https://www.instagram.com/frankrobert4f0z/reel/DG-1etEM-B7/,,,"1,675",2025/3/9,frankrobert4f0z,DG-1etEM-B7,,,,,,,,,,,,
https://www.instagram.com/tylerjoshuarzz/reel/DGVqKR9OUn3/,4,0,"1,674",2025/2/21,tylerjoshuarzz,DGVqKR9OUn3,,,,,,,,,,,,
https://www.instagram.com/ellisbobby4ni/reel/DFp90mbRyNP/,6,0,"1,674",2025/2/4,ellisbobby4ni,DFp90mbRyNP,,,,,,,,,,,,
https://www.instagram.com/frankrobert4f0z/reel/DGQp1wGuVQ2/,2,0,"1,669",2025/2/19,frankrobert4f0z,DGQp1wGuVQ2,,,,,,,,,,,,
https://www.instagram.com/griffinflorry1q0l9a/reel/DHTClC2O9EQ/,6,0,"1,666",2025/3/18,griffinflorry1q0l9a,DHTClC2O9EQ,,,,,,,,,,,,
https://www.instagram.com/griffinflorry1q0l9a/reel/DF74K-hOBHn/,0,,"1,665",2025/2/11,griffinflorry1q0l9a,DF74K-hOBHn,,,,,,,,,,,,
https://www.instagram.com/frankrobert4f0z/reel/DIO4cEoM7__/,4,0,"1,645",2025/4/10,frankrobert4f0z,DIO4cEoM7__,,,,,,,,,,,,
https://www.instagram.com/griffinflorry1q0l9a/reel/DGUYJrfMNe_/,7,0,"1,633",2025/2/21,griffinflorry1q0l9a,DGUYJrfMNe_,,,,,,,,,,,,
https://www.instagram.com/frankrobert4f0z/reel/DGu8J2buX2u/,12,0,"1,622",2025/3/4,frankrobert4f0z,DGu8J2buX2u,,,,,,,,,,,,
https://www.instagram.com/frankrobert4f0z/reel/DF74K2jOsPu/,6,0,"1,616",2025/2/11,frankrobert4f0z,DF74K2jOsPu,,,,,,,,,,,,
https://www.instagram.com/frankrobert4f0z/reel/DHGrICZsCgz/,7,0,"1,610",2025/3/13,frankrobert4f0z,DHGrICZsCgz,,,,,,,,,,,,
https://www.instagram.com/lucaswalter13jq/reel/DHoOnHAuMoZ/,6,0,"1,600",2025/3/26,lucaswalter13jq,DHoOnHAuMoZ,,,,,,,,,,,,
https://www.instagram.com/griffinflorry1q0l9a/reel/DIRNggLsF4d/,4,0,"1,598",2025/4/10,griffinflorry1q0l9a,DIRNggLsF4d,,,,,,,,,,,,
https://www.instagram.com/griffinflorry1q0l9a/reel/DGVygsPOjjf/,3,0,"1,586",2025/2/21,griffinflorry1q0l9a,DGVygsPOjjf,,,,,,,,,,,,
https://www.instagram.com/lucaswalter13jq/reel/DGlJyioufFu/,2,0,"1,585",2025/2/27,lucaswalter13jq,DGlJyioufFu,,,,,,,,,,,,
https://www.instagram.com/frankrobert4f0z/reel/DHBCBPou9Hg/,6,0,"1,581",2025/3/11,frankrobert4f0z,DHBCBPou9Hg,,,,,,,,,,,,
https://www.instagram.com/frankrobert4f0z/reel/DG0mZ19soI3/,16,0,"1,573",2025/3/6,frankrobert4f0z,DG0mZ19soI3,,,,,,,,,,,,
https://www.instagram.com/frankrobert4f0z/reel/DHlkhhKMBMe/,3,0,"1,560",2025/3/25,frankrobert4f0z,DHlkhhKMBMe,,,,,,,,,,,,
https://www.instagram.com/frankrobert4f0z/reel/DGnVvPMuTvo/,6,0,"1,555",2025/2/28,frankrobert4f0z,DGnVvPMuTvo,,,,,,,,,,,,
https://www.instagram.com/griffinflorry1q0l9a/reel/DHBCBJqO76u/,4,0,"1,548",2025/3/11,griffinflorry1q0l9a,DHBCBJqO76u,,,,,,,,,,,,
https://www.instagram.com/lucaswalter13jq/reel/DIJpq0Tua-d/,3,0,"1,544",2025/4/8,lucaswalter13jq,DIJpq0Tua-d,,,,,,,,,,,,
https://www.instagram.com/lucaswalter13jq/reel/DFf8QGcOSHA/,5,0,"1,535",2025/2/1,lucaswalter13jq,DFf8QGcOSHA,,,,,,,,,,,,
https://www.instagram.com/griffinflorry1q0l9a/reel/DGf-M6tu_1r/,,,"1,522",2025/2/25,griffinflorry1q0l9a,DGf-M6tu_1r,,,,,,,,,,,,
https://www.instagram.com/ellisbobby4ni/reel/DIRNgV6R_M9/,2,0,"1,500",2025/4/10,ellisbobby4ni,DIRNgV6R_M9,,,,,,,,,,,,
https://www.instagram.com/ellisbobby4ni/reel/DHBCBNGx-MZ/,3,0,"1,499",2025/3/11,ellisbobby4ni,DHBCBNGx-MZ,,,,,,,,,,,,
https://www.instagram.com/frankrobert4f0z/reel/DG4X_SzMyBq/,1,0,"1,499",2025/3/7,frankrobert4f0z,DG4X_SzMyBq,,,,,,,,,,,,
https://www.instagram.com/griffinflorry1q0l9a/reel/DIEXyV1s7Xm/,1,0,"1,480",2025/4/6,griffinflorry1q0l9a,DIEXyV1s7Xm,,,,,,,,,,,,
https://www.instagram.com/lucaswalter13jq/reel/DF48K5ZOfzH/,1,0,"1,480",2025/2/10,lucaswalter13jq,DF48K5ZOfzH,,,,,,,,,,,,
https://www.instagram.com/griffinflorry1q0l9a/reel/DIO4cHGumD7/,2,0,"1,446",2025/4/10,griffinflorry1q0l9a,DIO4cHGumD7,,,,,,,,,,,,
https://www.instagram.com/griffinflorry1q0l9a/reel/DFp90XBOMHw/,1,0,"1,436",2025/2/4,griffinflorry1q0l9a,DFp90XBOMHw,,,,,,,,,,,,
https://www.instagram.com/griffinflorry1q0l9a/reel/DGa1jBNuoSo/,1,0,"1,433",2025/2/23,griffinflorry1q0l9a,DGa1jBNuoSo,,,,,,,,,,,,
https://www.instagram.com/frankrobert4f0z/reel/DHYk8SRssww/,3,0,"1,415",2025/3/20,frankrobert4f0z,DHYk8SRssww,,,,,,,,,,,,
https://www.instagram.com/griffinflorry1q0l9a/reel/DGQjlB8OPGw/,6,0,"1,402",2025/2/19,griffinflorry1q0l9a,DGQjlB8OPGw,,,,,,,,,,,,
https://www.instagram.com/ellisbobby4ni/reel/DGQjRxQxNq_/,3,0,"1,394",2025/2/19,ellisbobby4ni,DGQjRxQxNq_,,,,,,,,,,,,
https://www.instagram.com/frankrobert4f0z/reel/DGTCGA-OP45/,4,0,"1,392",2025/2/20,frankrobert4f0z,DGTCGA-OP45,,,,,,,,,,,,
https://www.instagram.com/ellisbobby4ni/reel/DGf-M9_Rx6a/,2,0,"1,391",2025/2/25,ellisbobby4ni,DGf-M9_Rx6a,,,,,,,,,,,,
https://www.instagram.com/ellisbobby4ni/reel/DIWdblnR2eL/,7,0,"1,377",2025/4/12,ellisbobby4ni,DIWdblnR2eL,,,,,,,,,,,,
https://www.instagram.com/griffinflorry1q0l9a/reel/DF0Nx51ucGe/,3,0,"1,369",2025/2/8,griffinflorry1q0l9a,DF0Nx51ucGe,,,,,,,,,,,,
https://www.instagram.com/frankrobert4f0z/reel/DH6QOEjs4VS/,5,0,"1,367",2025/4/2,frankrobert4f0z,DH6QOEjs4VS,,,,,,,,,,,,
https://www.instagram.com/frankrobert4f0z/reel/DH8ymHFsmHx/,6,0,"1,344",2025/4/3,frankrobert4f0z,DH8ymHFsmHx,,,,,,,,,,,,
https://www.instagram.com/lucaswalter13jq/reel/DFWceABtetA/,1,0,"1,328",2025/1/28,lucaswalter13jq,DFWceABtetA,,,,,,,,,,,,
https://www.instagram.com/frankrobert4f0z/reel/DG3F2pqJpcB/,6,0,"1,316",2025/3/7,frankrobert4f0z,DG3F2pqJpcB,,,,,,,,,,,,
https://www.instagram.com/ellisbobby4ni/reel/DHlkmMaxPWz/,4,0,"1,293",2025/3/25,ellisbobby4ni,DHlkmMaxPWz,,,,,,,,,,,,
https://www.instagram.com/lucaswalter13jq/reel/DGVqGs-O6uf/,2,0,"1,292",2025/2/21,lucaswalter13jq,DGVqGs-O6uf,,,,,,,,,,,,
https://www.instagram.com/ellisbobby4ni/reel/DIEXygzRvtY/,1,0,"1,283",2025/4/6,ellisbobby4ni,DIEXygzRvtY,,,,,,,,,,,,
https://www.instagram.com/griffinflorry1q0l9a/reel/DGiaRg2OZ4r/,,1,"1,205",2025/2/26,griffinflorry1q0l9a,DGiaRg2OZ4r,,,,,,,,,,,,
https://www.instagram.com/frankrobert4f0z/reel/DHWFglDJyUJ/,4,0,"1,187",2025/3/19,frankrobert4f0z,DHWFglDJyUJ,,,,,,,,,,,,
https://www.instagram.com/frankrobert4f0z/reel/DIRNgX5ME3b/,2,0,"1,144",2025/4/10,frankrobert4f0z,DIRNgX5ME3b,,,,,,,,,,,,
https://www.instagram.com/griffinflorry1q0l9a/reel/DFIcmFLuBZL/,2,0,"1,126",2025/1/22,griffinflorry1q0l9a,DFIcmFLuBZL,,,,,,,,,,,,
https://www.instagram.com/lucaswalter13jq/reel/DGTa0Jiuqei/,4,0,"1,021",2025/2/21,lucaswalter13jq,DGTa0Jiuqei,,,,,,,,,,,,
https://www.instagram.com/lucaswalter13jq/reel/DHBD_zpOZ5-/,2,0,"1,013",2025/3/11,lucaswalter13jq,DHBD_zpOZ5-,,,,,,,,,,,,
https://www.instagram.com/griffinflorry1q0l9a/reel/DGXba9QuL7m/,3,0,996,2025/2/22,griffinflorry1q0l9a,DGXba9QuL7m,,,,,,,,,,,,
https://www.instagram.com/frankrobert4f0z/reel/DHbTvGjsQ6S/,3,0,847,2025/3/21,frankrobert4f0z,DHbTvGjsQ6S,,,,,,,,,,,,
https://www.instagram.com/lucaswalter13jq/reel/DG3Gc3gudQD/,7,0,802,2025/3/7,lucaswalter13jq,DG3Gc3gudQD,,,,,,,,,,,,
https://www.instagram.com/frankrobert4f0z/reel/DIWdbnXseJo/,3,0,801,2025/4/12,frankrobert4f0z,DIWdbnXseJo,,,,,,,,,,,,
https://www.instagram.com/lucaswalter13jq/reel/DGx_HcCuLkG/,6,0,796,2025/3/5,lucaswalter13jq,DGx_HcCuLkG,,,,,,,,,,,,
https://www.instagram.com/frankrobert4f0z/reel/DH6SnswsM9J/,4,0,608,2025/4/2,frankrobert4f0z,DH6SnswsM9J,,,,,,,,,,,,
https://www.instagram.com/frankrobert4f0z/reel/DGBEbwEMaRP/,2,0,592,2025/2/13,frankrobert4f0z,DGBEbwEMaRP,,,,,,,,,,,,
https://www.instagram.com/griffinflorry1q0l9a/reel/DG3F2pnRuc1/,1,0,580,2025/3/7,griffinflorry1q0l9a,DG3F2pnRuc1,,,,,,,,,,,,
https://www.instagram.com/griffinflorry1q0l9a/reel/DHLbmaYuth-/,0,1,568,2025/3/15,griffinflorry1q0l9a,DHLbmaYuth-,,,,,,,,,,,,
https://www.instagram.com/lucaswalter13jq/reel/DHh9YLnswf6/,1,0,544,2025/3/23,lucaswalter13jq,DHh9YLnswf6,,,,,,,,,,,,
https://www.instagram.com/griffinflorry1q0l9a/reel/DGOCjlZOI9Z/,1,1,508,2025/2/18,griffinflorry1q0l9a,DGOCjlZOI9Z,,,,,,,,,,,,
https://www.instagram.com/ellisbobby4ni/reel/DGBEVPKRFLr/,0,1,505,2025/2/13,ellisbobby4ni,DGBEVPKRFLr,,,,,,,,,,,,
https://www.instagram.com/frankrobert4f0z/reel/DH3vMNKMCQ_/,4,0,503,2025/4/1,frankrobert4f0z,DH3vMNKMCQ_,,,,,,,,,,,,
https://www.instagram.com/lucaswalter13jq/reel/DGVqJzpuV9-/,0,1,497,2025/2/21,lucaswalter13jq,DGVqJzpuV9-,,,,,,,,,,,,
https://www.instagram.com/frankrobert4f0z/reel/DHq2NqhMsDz/,0,1,489,2025/3/27,frankrobert4f0z,DHq2NqhMsDz,,,,,,,,,,,,
https://www.instagram.com/griffinflorry1q0l9a/reel/DG-1eRMOHtc/,0,1,456,2025/3/9,griffinflorry1q0l9a,DG-1eRMOHtc,,,,,,,,,,,,
https://www.instagram.com/frankrobert4f0z/reel/DHd8Niws9mf/,1,0,411,2025/3/22,frankrobert4f0z,DHd8Niws9mf,,,,,,,,,,,,
https://www.instagram.com/lucaswalter13jq/reel/DF2-l4yuIsd/,1,0,405,2025/2/10,lucaswalter13jq,DF2-l4yuIsd,,,,,,,,,,,,
https://www.instagram.com/ellisbobby4ni/reel/DGc_nczxUEC/,2,0,395,2025/2/24,ellisbobby4ni,DGc_nczxUEC,,,,,,,,,,,,
https://www.instagram.com/griffinflorry1q0l9a/reel/DH6SnfVuA_J/,2,0,394,2025/4/2,griffinflorry1q0l9a,DH6SnfVuA_J,,,,,,,,,,,,
https://www.instagram.com/ellisbobby4ni/reel/DGlMFYdRoa0/,1,0,382,2025/2/27,ellisbobby4ni,DGlMFYdRoa0,,,,,,,,,,,,
https://www.instagram.com/tylerjoshuarzz/reel/DFp5VAvOZ01/,1,0,382,2025/2/4,tylerjoshuarzz,DFp5VAvOZ01,,,,,,,,,,,,
https://www.instagram.com/lucaswalter13jq/reel/DF_yJBht0_H/,0,1,378,2025/2/13,lucaswalter13jq,DF_yJBht0_H,,,,,,,,,,,,
https://www.instagram.com/ellisbobby4ni/reel/DFu_50AxGSO/,2,0,375,2025/2/6,ellisbobby4ni,DFu_50AxGSO,,,,,,,,,,,,
https://www.instagram.com/ellisbobby4ni/reel/DF9MRIYxCa0/,1,0,374,2025/2/12,ellisbobby4ni,DF9MRIYxCa0,,,,,,,,,,,,
https://www.instagram.com/lucaswalter13jq/reel/DGx4tk6u613/,0,1,358,2025/3/5,lucaswalter13jq,DGx4tk6u613,,,,,,,,,,,,
https://www.instagram.com/lucaswalter13jq/reel/DH80hxyugJR/,3,0,356,2025/4/3,lucaswalter13jq,DH80hxyugJR,,,,,,,,,,,,
https://www.instagram.com/griffinflorry1q0l9a/reel/DG8WaSHMHD2/,1,0,349,2025/3/9,griffinflorry1q0l9a,DG8WaSHMHD2,,,,,,,,,,,,
https://www.instagram.com/ellisbobby4ni/reel/DGN-j8fx2Ly/,0,1,349,2025/2/18,ellisbobby4ni,DGN-j8fx2Ly,,,,,,,,,,,,
https://www.instagram.com/ellisbobby4ni/reel/DHd8Ny7RxaL/,2,0,348,2025/3/22,ellisbobby4ni,DHd8Ny7RxaL,,,,,,,,,,,,
https://www.instagram.com/ellisbobby4ni/reel/DGifB7Fx6cs/,1,1,344,2025/2/26,ellisbobby4ni,DGifB7Fx6cs,,,,,,,,,,,,
https://www.instagram.com/frankrobert4f0z/reel/DHtQQZoMRMV/,0,1,339,2025/3/28,frankrobert4f0z,DHtQQZoMRMV,,,,,,,,,,,,
https://www.instagram.com/frankrobert4f0z/reel/DGVqcSFO8-w/,1,0,332,2025/2/21,frankrobert4f0z,DGVqcSFO8-w,,,,,,,,,,,,
https://www.instagram.com/griffinflorry1q0l9a/reel/DH02i_AO2a4/,0,1,330,2025/3/31,griffinflorry1q0l9a,DH02i_AO2a4,,,,,,,,,,,,
https://www.instagram.com/frankrobert4f0z/reel/DGlMFKrsX3N/,1,0,326,2025/2/27,frankrobert4f0z,DGlMFKrsX3N,,,,,,,,,,,,
https://www.instagram.com/lucaswalter13jq/reel/DGTWbNEuv6l/,0,1,326,2025/2/21,lucaswalter13jq,DGTWbNEuv6l,,,,,,,,,,,,
https://www.instagram.com/lucaswalter13jq/reel/DHba5LLuDC5/,1,0,322,2025/3/21,lucaswalter13jq,DHba5LLuDC5,,,,,,,,,,,,
https://www.instagram.com/ellisbobby4ni/reel/DF_y9G8RcX5/,1,0,317,2025/2/13,ellisbobby4ni,DF_y9G8RcX5,,,,,,,,,,,,
https://www.instagram.com/ellisbobby4ni/reel/DHORTWSR-jf/,3,0,304,2025/3/16,ellisbobby4ni,DHORTWSR-jf,,,,,,,,,,,,
https://www.instagram.com/frankrobert4f0z/reel/DGiaRjrOGHd/,1,0,300,2025/2/26,frankrobert4f0z,DGiaRjrOGHd,,,,,,,,,,,,
https://www.instagram.com/griffinflorry1q0l9a/reel/DIB7C4muvc7/,4,0,299,2025/4/5,griffinflorry1q0l9a,DIB7C4muvc7,,,,,,,,,,,,
https://www.instagram.com/lucaswalter13jq/reel/DGPUgM4NR2y/,0,1,291,2025/2/19,lucaswalter13jq,DGPUgM4NR2y,,,,,,,,,,,,
https://www.instagram.com/lucaswalter13jq/reel/DGdlh4Wu8PE/,3,0,285,2025/2/25,lucaswalter13jq,DGdlh4Wu8PE,,,,,,,,,,,,
https://www.instagram.com/lucaswalter13jq/reel/DIRT3sVtFtd/,1,0,279,2025/4/11,lucaswalter13jq,DIRT3sVtFtd,,,,,,,,,,,,
https://www.instagram.com/frankrobert4f0z/reel/DIEXyT7MvDl/,1,0,279,2025/4/6,frankrobert4f0z,DIEXyT7MvDl,,,,,,,,,,,,
https://www.instagram.com/lucaswalter13jq/reel/DHI-o4tOnAI/,0,1,279,2025/3/13,lucaswalter13jq,DHI-o4tOnAI,,,,,,,,,,,,
https://www.instagram.com/ellisbobby4ni/reel/DFsEuzxxIn-/,0,0,276,2025/2/5,ellisbobby4ni,DFsEuzxxIn-,,,,,,,,,,,,
https://www.instagram.com/griffinflorry1q0l9a/reel/DIMQs9mOoM8/,0,0,266,2025/4/9,griffinflorry1q0l9a,DIMQs9mOoM8,,,,,,,,,,,,
https://www.instagram.com/frankrobert4f0z/reel/DGf-M0Vswd1/,0,0,265,2025/2/25,frankrobert4f0z,DGf-M0Vswd1,,,,,,,,,,,,
https://www.instagram.com/ellisbobby4ni/reel/DH6QOX0pOA5/,4,0,252,2025/4/2,ellisbobby4ni,DH6QOX0pOA5,,,,,,,,,,,,
https://www.instagram.com/lucaswalter13jq/reel/DF8EkPNOzqN/,0,4,250,2025/2/12,lucaswalter13jq,DF8EkPNOzqN,,,,,,,,,,,,
https://www.instagram.com/griffinflorry1q0l9a/reel/DF46RdbOcXc/,3,0,247,2025/2/10,griffinflorry1q0l9a,DF46RdbOcXc,,,,,,,,,,,,
https://www.instagram.com/lucaswalter13jq/reel/DGYH1dDuiWm/,3,3,244,2025/2/22,lucaswalter13jq,DGYH1dDuiWm,,,,,,,,,,,,
https://www.instagram.com/ellisbobby4ni/reel/DH8yllfxo-5/,2,3,236,2025/4/3,ellisbobby4ni,DH8yllfxo-5,,,,,,,,,,,,
https://www.instagram.com/griffinflorry1q0l9a/reel/DHWFwSYv8fn/,0,2,236,2025/3/19,griffinflorry1q0l9a,DHWFwSYv8fn,,,,,,,,,,,,
https://www.instagram.com/ellisbobby4ni/reel/DG4X_OnRXa-/,2,0,228,2025/3/7,ellisbobby4ni,DG4X_OnRXa-,,,,,,,,,,,,
https://www.instagram.com/tylerjoshuarzz/reel/DF9NRlwsGK6/,1,2,219,2025/2/12,tylerjoshuarzz,DF9NRlwsGK6,,,,,,,,,,,,
https://www.instagram.com/griffinflorry1q0l9a/reel/DGDrnldOpxo/,0,1,218,2025/2/14,griffinflorry1q0l9a,DGDrnldOpxo,,,,,,,,,,,,
https://www.instagram.com/lucaswalter13jq/reel/DH6RRm-O1rA/,0,0,217,2025/4/2,lucaswalter13jq,DH6RRm-O1rA,,,,,,,,,,,,
https://www.instagram.com/ellisbobby4ni/reel/DIO4cD_Rc0v/,0,0,215,2025/4/10,ellisbobby4ni,DIO4cD_Rc0v,,,,,,,,,,,,
https://www.instagram.com/ellisbobby4ni/reel/DHLbmS0xNwb/,1,0,215,2025/3/15,ellisbobby4ni,DHLbmS0xNwb,,,,,,,,,,,,
https://www.instagram.com/lucaswalter13jq/reel/DHCtImXtXC3/,0,1,207,2025/3/11,lucaswalter13jq,DHCtImXtXC3,,,,,,,,,,,,
https://www.instagram.com/lucaswalter13jq/reel/DFtv9hSt8kI/,0,0,207,2025/2/6,lucaswalter13jq,DFtv9hSt8kI,,,,,,,,,,,,
https://www.instagram.com/ellisbobby4ni/reel/DG-1erwxWw4/,2,0,205,2025/3/9,ellisbobby4ni,DG-1erwxWw4,,,,,,,,,,,,
https://www.instagram.com/ellisbobby4ni/reel/DHbTvKmxBMk/,1,2,202,2025/3/21,ellisbobby4ni,DHbTvKmxBMk,,,,,,,,,,,,
https://www.instagram.com/griffinflorry1q0l9a/reel/DG0ss9jMLft/,0,1,202,2025/3/6,griffinflorry1q0l9a,DG0ss9jMLft,,,,,,,,,,,,
https://www.instagram.com/griffinflorry1q0l9a/reel/DH6QN_puakR/,5,0,200,2025/4/2,griffinflorry1q0l9a,DH6QN_puakR,,,,,,,,,,,,
https://www.instagram.com/griffinflorry1q0l9a/reel/DHlkdC3Mirp/,0,5,199,2025/3/25,griffinflorry1q0l9a,DHlkdC3Mirp,,,,,,,,,,,,
https://www.instagram.com/frankrobert4f0z/reel/DHQ6MbZsa3a/,1,0,199,2025/3/16,frankrobert4f0z,DHQ6MbZsa3a,,,,,,,,,,,,
https://www.instagram.com/lucaswalter13jq/reel/DGIxvF8u0c5/,0,1,199,2025/2/16,lucaswalter13jq,DGIxvF8u0c5,,,,,,,,,,,,
https://www.instagram.com/ellisbobby4ni/reel/DFxpVIERW0G/,0,0,199,2025/2/7,ellisbobby4ni,DFxpVIERW0G,,,,,,,,,,,,
https://www.instagram.com/ellisbobby4ni/reel/DGXbbVNOe92/,0,0,196,2025/2/22,ellisbobby4ni,DGXbbVNOe92,,,,,,,,,,,,
https://www.instagram.com/ellisbobby4ni/reel/DGGPKbmRghe/,0,0,194,2025/2/15,ellisbobby4ni,DGGPKbmRghe,,,,,,,,,,,,
https://www.instagram.com/ellisbobby4ni/reel/DGUYJrORFvr/,1,0,192,2025/2/21,ellisbobby4ni,DGUYJrORFvr,,,,,,,,,,,,
https://www.instagram.com/ellisbobby4ni/reel/DG0mXw0RRca/,3,1,189,2025/3/6,ellisbobby4ni,DG0mXw0RRca,,,,,,,,,,,,
https://www.instagram.com/frankrobert4f0z/reel/DGQPOl7OeoK/,0,3,189,2025/2/19,frankrobert4f0z,DGQPOl7OeoK,,,,,,,,,,,,
https://www.instagram.com/ellisbobby4ni/reel/DG8WaN6RGvv/,1,0,188,2025/3/9,ellisbobby4ni,DG8WaN6RGvv,,,,,,,,,,,,
https://www.instagram.com/ellisbobby4ni/reel/DHQ5CVKxC5v/,0,1,187,2025/3/16,ellisbobby4ni,DHQ5CVKxC5v,,,,,,,,,,,,
https://www.instagram.com/griffinflorry1q0l9a/reel/DGx-88KxOuH/,0,0,186,2025/3/5,griffinflorry1q0l9a,DGx-88KxOuH,,,,,,,,,,,,
https://www.instagram.com/griffinflorry1q0l9a/reel/DIB5QQLskUW/,0,0,185,2025/4/5,griffinflorry1q0l9a,DIB5QQLskUW,,,,,,,,,,,,
https://www.instagram.com/frankrobert4f0z/reel/DGN-2SKufqZ/,0,0,183,2025/2/18,frankrobert4f0z,DGN-2SKufqZ,,,,,,,,,,,,
https://www.instagram.com/griffinflorry1q0l9a/reel/DF9NZJasKka/,1,0,182,2025/2/12,griffinflorry1q0l9a,DF9NZJasKka,,,,,,,,,,,,
https://www.instagram.com/lucaswalter13jq/reel/DFx38FbOLj-/,1,1,181,2025/2/8,lucaswalter13jq,DFx38FbOLj-,,,,,,,,,,,,
https://www.instagram.com/frankrobert4f0z/reel/DIMQtGMMM2u/,0,1,179,2025/4/9,frankrobert4f0z,DIMQtGMMM2u,,,,,,,,,,,,
https://www.instagram.com/lucaswalter13jq/reel/DHRCgnAOK9E/,0,0,178,2025/3/17,lucaswalter13jq,DHRCgnAOK9E,,,,,,,,,,,,
https://www.instagram.com/griffinflorry1q0l9a/reel/DHtQQa9Mxr0/,1,0,177,2025/3/28,griffinflorry1q0l9a,DHtQQa9Mxr0,,,,,,,,,,,,
https://www.instagram.com/ellisbobby4ni/reel/DGs3IutRjku/,1,1,177,2025/3/3,ellisbobby4ni,DGs3IutRjku,,,,,,,,,,,,
https://www.instagram.com/griffinflorry1q0l9a/reel/DH3tmdwORiU/,1,1,176,2025/4/1,griffinflorry1q0l9a,DH3tmdwORiU,,,,,,,,,,,,
https://www.instagram.com/frankrobert4f0z/reel/DFvASFtumsx/,1,1,176,2025/2/6,frankrobert4f0z,DFvASFtumsx,,,,,,,,,,,,
https://www.instagram.com/lucaswalter13jq/reel/DFvN0obOnn4/,0,1,172,2025/2/7,lucaswalter13jq,DFvN0obOnn4,,,,,,,,,,,,
https://www.instagram.com/frankrobert4f0z/reel/DH04NYqsJ41/,0,0,170,2025/3/31,frankrobert4f0z,DH04NYqsJ41,,,,,,,,,,,,
https://www.instagram.com/ellisbobby4ni/reel/DGLZHC8Rsku/,0,0,169,2025/2/17,ellisbobby4ni,DGLZHC8Rsku,,,,,,,,,,,,
https://www.instagram.com/frankrobert4f0z/reel/DG8WaRmsgRM/,1,0,168,2025/3/9,frankrobert4f0z,DG8WaRmsgRM,,,,,,,,,,,,
https://www.instagram.com/griffinflorry1q0l9a/reel/DG0mgPss7oI/,0,1,167,2025/3/6,griffinflorry1q0l9a,DG0mgPss7oI,,,,,,,,,,,,
https://www.instagram.com/griffinflorry1q0l9a/reel/DGBFFqjODL2/,1,0,165,2025/2/13,griffinflorry1q0l9a,DGBFFqjODL2,,,,,,,,,,,,
https://www.instagram.com/ellisbobby4ni/reel/DFnaAelRj6o/,0,1,164,2025/2/3,ellisbobby4ni,DFnaAelRj6o,,,,,,,,,,,,
https://www.instagram.com/ellisbobby4ni/reel/DIB5QMZRdW7/,0,0,163,2025/4/5,ellisbobby4ni,DIB5QMZRdW7,,,,,,,,,,,,
https://www.instagram.com/griffinflorry1q0l9a/reel/DGlMFS9O_9z/,0,0,162,2025/2/27,griffinflorry1q0l9a,DGlMFS9O_9z,,,,,,,,,,,,
https://www.instagram.com/ellisbobby4ni/reel/DGa1tNpxY3h/,0,0,161,2025/2/23,ellisbobby4ni,DGa1tNpxY3h,,,,,,,,,,,,
https://www.instagram.com/frankrobert4f0z/reel/DH3wwrVuAxq/,0,0,160,2025/4/1,frankrobert4f0z,DH3wwrVuAxq,,,,,,,,,,,,
https://www.instagram.com/lucaswalter13jq/reel/DGYH4TfOO-V/,2,0,158,2025/2/22,lucaswalter13jq,DGYH4TfOO-V,,,,,,,,,,,,
https://www.instagram.com/tylerjoshuarzz/reel/DGN-iG3uI1A/,0,2,157,2025/2/18,tylerjoshuarzz,DGN-iG3uI1A,,,,,,,,,,,,
https://www.instagram.com/tylerjoshuarzz/reel/DGGXFdKODSI/,1,0,157,2025/2/16,tylerjoshuarzz,DGGXFdKODSI,,,,,,,,,,,,
https://www.instagram.com/lucaswalter13jq/reel/DH6UAEoJBdF/,3,1,155,2025/4/2,lucaswalter13jq,DH6UAEoJBdF,,,,,,,,,,,,
https://www.instagram.com/lucaswalter13jq/reel/DGLWV6Fuw1Y/,1,3,153,2025/2/17,lucaswalter13jq,DGLWV6Fuw1Y,,,,,,,,,,,,
https://www.instagram.com/ellisbobby4ni/reel/DGTJgmcx64P/,0,1,151,2025/2/20,ellisbobby4ni,DGTJgmcx64P,,,,,,,,,,,,
https://www.instagram.com/ellisbobby4ni/reel/DGOCj-Xxgw1/,0,0,151,2025/2/18,ellisbobby4ni,DGOCj-Xxgw1,,,,,,,,,,,,
https://www.instagram.com/ellisbobby4ni/reel/DF0NyMJxTRp/,2,0,151,2025/2/8,ellisbobby4ni,DF0NyMJxTRp,,,,,,,,,,,,
https://www.instagram.com/ellisbobby4ni/reel/DF-i650Rttj/,0,2,150,2025/2/12,ellisbobby4ni,DF-i650Rttj,,,,,,,,,,,,
https://www.instagram.com/lucaswalter13jq/reel/DIPAQTDN-K3/,1,0,148,2025/4/10,lucaswalter13jq,DIPAQTDN-K3,,,,,,,,,,,,
https://www.instagram.com/griffinflorry1q0l9a/reel/DGnVu_3uUbh/,0,1,148,2025/2/28,griffinflorry1q0l9a,DGnVu_3uUbh,,,,,,,,,,,,
https://www.instagram.com/lucaswalter13jq/reel/DF0Xm_su0MT/,1,0,148,2025/2/9,lucaswalter13jq,DF0Xm_su0MT,,,,,,,,,,,,
https://www.instagram.com/griffinflorry1q0l9a/reel/DIHDn4IO1-j/,0,1,147,2025/4/6,griffinflorry1q0l9a,DIHDn4IO1-j,,,,,,,,,,,,
https://www.instagram.com/ellisbobby4ni/reel/DGgCx8xROrR/,1,0,147,2025/2/25,ellisbobby4ni,DGgCx8xROrR,,,,,,,,,,,,
https://www.instagram.com/lucaswalter13jq/reel/DHYvIW6OqbK/,0,1,146,2025/3/20,lucaswalter13jq,DHYvIW6OqbK,,,,,,,,,,,,
https://www.instagram.com/griffinflorry1q0l9a/reel/DFxpUyKuoha/,1,0,146,2025/2/7,griffinflorry1q0l9a,DFxpUyKuoha,,,,,,,,,,,,
https://www.instagram.com/lucaswalter13jq/reel/DIWr4tuO8rs/,0,1,145,2025/4/13,lucaswalter13jq,DIWr4tuO8rs,,,,,,,,,,,,
https://www.instagram.com/tylerjoshuarzz/reel/DFx38MKOySe/,1,0,145,2025/2/8,tylerjoshuarzz,DFx38MKOySe,,,,,,,,,,,,
https://www.instagram.com/ellisbobby4ni/reel/DHYk8VWR6AQ/,3,1,144,2025/3/20,ellisbobby4ni,DHYk8VWR6AQ,,,,,,,,,,,,
https://www.instagram.com/ellisbobby4ni/reel/DHEEu3ARLSc/,0,3,144,2025/3/12,ellisbobby4ni,DHEEu3ARLSc,,,,,,,,,,,,
https://www.instagram.com/lucaswalter13jq/reel/DIBk_aWOpWy/,0,0,143,2025/4/5,lucaswalter13jq,DIBk_aWOpWy,,,,,,,,,,,,
https://www.instagram.com/griffinflorry1q0l9a/reel/DGc_MtYuu8a/,0,0,143,2025/2/24,griffinflorry1q0l9a,DGc_MtYuu8a,,,,,,,,,,,,
https://www.instagram.com/griffinflorry1q0l9a/reel/DGgCxf3ONq3/,0,0,142,2025/2/25,griffinflorry1q0l9a,DGgCxf3ONq3,,,,,,,,,,,,
https://www.instagram.com/ellisbobby4ni/reel/DHtQQcgxsQY/,0,0,140,2025/3/28,ellisbobby4ni,DHtQQcgxsQY,,,,,,,,,,,,
https://www.instagram.com/ellisbobby4ni/reel/DHq2Nrzxm1C/,0,0,140,2025/3/27,ellisbobby4ni,DHq2Nrzxm1C,,,,,,,,,,,,
https://www.instagram.com/griffinflorry1q0l9a/reel/DHQ5CUJMO9o/,0,0,138,2025/3/16,griffinflorry1q0l9a,DHQ5CUJMO9o,,,,,,,,,,,,
https://www.instagram.com/frankrobert4f0z/reel/DIB7C-6shcD/,0,0,137,2025/4/5,frankrobert4f0z,DIB7C-6shcD,,,,,,,,,,,,
https://www.instagram.com/ellisbobby4ni/reel/DGDros4ROog/,1,0,137,2025/2/14,ellisbobby4ni,DGDros4ROog,,,,,,,,,,,,
https://www.instagram.com/ellisbobby4ni/reel/DHv2XtUx4nH/,1,1,136,2025/3/29,ellisbobby4ni,DHv2XtUx4nH,,,,,,,,,,,,
https://www.instagram.com/griffinflorry1q0l9a/reel/DGLZGTKukrZ/,1,1,136,2025/2/17,griffinflorry1q0l9a,DGLZGTKukrZ,,,,,,,,,,,,
https://www.instagram.com/ellisbobby4ni/reel/DHGrIOIRnn5/,0,1,134,2025/3/13,ellisbobby4ni,DHGrIOIRnn5,,,,,,,,,,,,
https://www.instagram.com/ellisbobby4ni/reel/DG0ssqHR3P0/,0,0,134,2025/3/6,ellisbobby4ni,DG0ssqHR3P0,,,,,,,,,,,,
https://www.instagram.com/frankrobert4f0z/reel/DGLZGHQOIcn/,1,0,134,2025/2/17,frankrobert4f0z,DGLZGHQOIcn,,,,,,,,,,,,
https://www.instagram.com/griffinflorry1q0l9a/reel/DFsEuxdRuA-/,,1,134,2025/2/5,griffinflorry1q0l9a,DFsEuxdRuA-,,,,,,,,,,,,
https://www.instagram.com/frankrobert4f0z/reel/DGaoju0Os1y/,0,,133,2025/2/23,frankrobert4f0z,DGaoju0Os1y,,,,,,,,,,,,
https://www.instagram.com/lucaswalter13jq/reel/DGQep5muVm1/,0,0,132,2025/2/19,lucaswalter13jq,DGQep5muVm1,,,,,,,,,,,,
https://www.instagram.com/ellisbobby4ni/reel/DFal5nRx6s3/,0,0,132,2025/1/30,ellisbobby4ni,DFal5nRx6s3,,,,,,,,,,,,
https://www.instagram.com/frankrobert4f0z/reel/DG51zs7MGye/,0,0,131,2025/3/8,frankrobert4f0z,DG51zs7MGye,,,,,,,,,,,,
https://www.instagram.com/frankrobert4f0z/reel/DF-i0_sMyDU/,0,0,131,2025/2/12,frankrobert4f0z,DF-i0_sMyDU,,,,,,,,,,,,
https://www.instagram.com/griffinflorry1q0l9a/reel/DGQp13Kuo8E/,0,0,130,2025/2/19,griffinflorry1q0l9a,DGQp13Kuo8E,,,,,,,,,,,,
https://www.instagram.com/lucaswalter13jq/reel/DHsB5FJNZyR/,0,0,128,2025/3/27,lucaswalter13jq,DHsB5FJNZyR,,,,,,,,,,,,
https://www.instagram.com/frankrobert4f0z/reel/DGGPAaesVxe/,1,0,128,2025/2/15,frankrobert4f0z,DGGPAaesVxe,,,,,,,,,,,,
https://www.instagram.com/frankrobert4f0z/reel/DF0N1s8MD98/,0,1,127,2025/2/8,frankrobert4f0z,DF0N1s8MD98,,,,,,,,,,,,
https://www.instagram.com/ellisbobby4ni/reel/DG51zwNRUK6/,0,0,126,2025/3/8,ellisbobby4ni,DG51zwNRUK6,,,,,,,,,,,,
https://www.instagram.com/ellisbobby4ni/reel/DG3F4rXRUd9/,0,0,126,2025/3/7,ellisbobby4ni,DG3F4rXRUd9,,,,,,,,,,,,
https://www.instagram.com/frankrobert4f0z/reel/DF9MbgqMmVO/,0,0,126,2025/2/12,frankrobert4f0z,DF9MbgqMmVO,,,,,,,,,,,,
https://www.instagram.com/frankrobert4f0z/reel/DGx-823ptYv/,0,0,125,2025/3/5,frankrobert4f0z,DGx-823ptYv,,,,,,,,,,,,
https://www.instagram.com/griffinflorry1q0l9a/reel/DF_yiw5syN9/,1,0,125,2025/2/13,griffinflorry1q0l9a,DF_yiw5syN9,,,,,,,,,,,,
https://www.instagram.com/ellisbobby4ni/reel/DF74LYKRsyP/,2,1,125,2025/2/11,ellisbobby4ni,DF74LYKRsyP,,,,,,,,,,,,
https://www.instagram.com/lucaswalter13jq/reel/DGN-h7fuqo7/,0,2,124,2025/2/18,lucaswalter13jq,DGN-h7fuqo7,,,,,,,,,,,,
https://www.instagram.com/tylerjoshuarzz/reel/DFf8QQouaiM/,0,0,124,2025/2/1,tylerjoshuarzz,DFf8QQouaiM,,,,,,,,,,,,
https://www.instagram.com/frankrobert4f0z/reel/DG0ssfgMOEs/,1,0,123,2025/3/6,frankrobert4f0z,DG0ssfgMOEs,,,,,,,,,,,,
https://www.instagram.com/lucaswalter13jq/reel/DF-jzzBOz-O/,1,1,123,2025/2/12,lucaswalter13jq,DF-jzzBOz-O,,,,,,,,,,,,
https://www.instagram.com/ellisbobby4ni/reel/DH8wq3Txdtt/,3,1,122,2025/4/3,ellisbobby4ni,DH8wq3Txdtt,,,,,,,,,,,,
https://www.instagram.com/lucaswalter13jq/reel/DHPzugSN-vV/,1,0,122,2025/3/17,lucaswalter13jq,DHPzugSN-vV,,,,,,,,,,,,
https://www.instagram.com/griffinflorry1q0l9a/reel/DGavfh8OF6l/,0,1,122,2025/2/23,griffinflorry1q0l9a,DGavfh8OF6l,,,,,,,,,,,,
https://www.instagram.com/ellisbobby4ni/reel/DH02i9ux-LX/,1,0,119,2025/3/31,ellisbobby4ni,DH02i9ux-LX,,,,,,,,,,,,
https://www.instagram.com/ellisbobby4ni/reel/DH6Snq1J8Ec/,1,0,118,2025/4/2,ellisbobby4ni,DH6Snq1J8Ec,,,,,,,,,,,,
https://www.instagram.com/frankrobert4f0z/reel/DGOCjquueaH/,0,0,118,2025/2/18,frankrobert4f0z,DGOCjquueaH,,,,,,,,,,,,
https://www.instagram.com/frankrobert4f0z/reel/DGVyaC4uNFP/,1,0,117,2025/2/21,frankrobert4f0z,DGVyaC4uNFP,,,,,,,,,,,,
https://www.instagram.com/frankrobert4f0z/reel/DGDr3R7uUqs/,0,4,117,2025/2/14,frankrobert4f0z,DGDr3R7uUqs,,,,,,,,,,,,
https://www.instagram.com/frankrobert4f0z/reel/DFxpU0Qu_CG/,1,0,117,2025/2/7,frankrobert4f0z,DFxpU0Qu_CG,,,,,,,,,,,,
https://www.instagram.com/frankrobert4f0z/reel/DFp92o7OD-7/,1,3,117,2025/2/4,frankrobert4f0z,DFp92o7OD-7,,,,,,,,,,,,
https://www.instagram.com/ellisbobby4ni/reel/DH3tmclRaaC/,0,3,116,2025/4/1,ellisbobby4ni,DH3tmclRaaC,,,,,,,,,,,,
https://www.instagram.com/ellisbobby4ni/reel/DHTC0u7xcVv/,0,2,116,2025/3/18,ellisbobby4ni,DHTC0u7xcVv,,,,,,,,,,,,
https://www.instagram.com/griffinflorry1q0l9a/reel/DF-jLzTuwgu/,0,0,115,2025/2/12,griffinflorry1q0l9a,DF-jLzTuwgu,,,,,,,,,,,,
https://www.instagram.com/lucaswalter13jq/reel/DHtdOqvuQBK/,9,2,114,2025/3/28,lucaswalter13jq,DHtdOqvuQBK,,,,,,,,,,,,
https://www.instagram.com/griffinflorry1q0l9a/reel/DHYk8P2MKUp/,0,1,114,2025/3/20,griffinflorry1q0l9a,DHYk8P2MKUp,,,,,,,,,,,,
https://www.instagram.com/ellisbobby4ni/reel/DH3wwpBRvOa/,0,0,113,2025/4/1,ellisbobby4ni,DH3wwpBRvOa,,,,,,,,,,,,
https://www.instagram.com/griffinflorry1q0l9a/reel/DGTCOKQOsVQ/,0,0,111,2025/2/20,griffinflorry1q0l9a,DGTCOKQOsVQ,,,,,,,,,,,,
https://www.instagram.com/ellisbobby4ni/reel/DF46Roex1Od/,2,0,111,2025/2/10,ellisbobby4ni,DF46Roex1Od,,,,,,,,,,,,
https://www.instagram.com/tylerjoshuarzz/reel/DFwWdj_MMG2/,0,1,110,2025/2/7,tylerjoshuarzz,DFwWdj_MMG2,,,,,,,,,,,,
https://www.instagram.com/griffinflorry1q0l9a/reel/DFNuFoPOaUs/,0,0,106,2025/1/25,griffinflorry1q0l9a,DFNuFoPOaUs,,,,,,,,,,,,
https://www.instagram.com/griffinflorry1q0l9a/reel/DFamWFAuo9B/,1,0,105,2025/1/30,griffinflorry1q0l9a,DFamWFAuo9B,,,,,,,,,,,,
https://www.instagram.com/tylerjoshuarzz/reel/DF8EkjfuvsO/,0,2,96,2025/2/12,tylerjoshuarzz,DF8EkjfuvsO,,,,,,,,,,,,
https://www.instagram.com/tylerjoshuarzz/reel/DGdlo6EO9ly/,0,1,87,2025/2/25,tylerjoshuarzz,DGdlo6EO9ly,,,,,,,,,,,,
https://www.instagram.com/griffinflorry1q0l9a/reel/DFKnXGDRNm2/,0,0,86,2025/1/23,griffinflorry1q0l9a,DFKnXGDRNm2,,,,,,,,,,,,
https://www.instagram.com/frankrobert4f0z/reel/DF_y82mMkk8/,2,5,80,2025/2/13,frankrobert4f0z,DF_y82mMkk8,,,,,,,,,,,,
https://www.instagram.com/griffinflorry1q0l9a/reel/DGifB-lskF1/,0,0,70,2025/2/26,griffinflorry1q0l9a,DGifB-lskF1,,,,,,,,,,,,
https://www.instagram.com/griffinflorry1q0l9a/reel/DH8wq6zuwEX/,0,1,69,2025/4/3,griffinflorry1q0l9a,DH8wq6zuwEX,,,,,,,,,,,,
https://www.instagram.com/griffinflorry1q0l9a/reel/DHd8NrpMLbJ/,0,0,67,2025/3/22,griffinflorry1q0l9a,DHd8NrpMLbJ,,,,,,,,,,,,
https://www.instagram.com/griffinflorry1q0l9a/reel/DHv2XtbOf1_/,0,0,60,2025/3/29,griffinflorry1q0l9a,DHv2XtbOf1_,,,,,,,,,,,,
https://www.instagram.com/frankrobert4f0z/reel/DIHDn49Msxi/,0,0,56,2025/4/6,frankrobert4f0z,DIHDn49Msxi,,,,,,,,,,,,
https://www.instagram.com/lucaswalter13jq/reel/DFp5VFGOmFS/,0,0,53,2025/2/4,lucaswalter13jq,DFp5VFGOmFS,,,,,,,,,,,,
https://www.instagram.com/ellisbobby4ni/reel/DHWFgrvRyQH/,1,1,51,2025/3/19,ellisbobby4ni,DHWFgrvRyQH,,,,,,,,,,,,
https://www.instagram.com/griffinflorry1q0l9a/reel/DFnajXCOmCr/,0,3,47,2025/2/3,griffinflorry1q0l9a,DFnajXCOmCr,,,,,,,,,,,,
https://www.instagram.com/ellisbobby4ni/reel/DHjCw1HxFcT/,0,0,46,2025/3/24,ellisbobby4ni,DHjCw1HxFcT,,,,,,,,,,,,
https://www.instagram.com/ellisbobby4ni/reel/DFiUAMvxQDG/,0,1,40,2025/2/2,ellisbobby4ni,DFiUAMvxQDG,,,,,,,,,,,,
https://www.instagram.com/lucaswalter13jq/reel/DH32m67tqKU/,0,0,38,2025/4/1,lucaswalter13jq,DH32m67tqKU,,,,,,,,,,,,
https://www.instagram.com/griffinflorry1q0l9a/reel/DH3wwr_OsAD/,1,0,37,2025/4/1,griffinflorry1q0l9a,DH3wwr_OsAD,,,,,,,,,,,,
https://www.instagram.com/ellisbobby4ni/reel/DFIclkYRzob/,0,0,37,2025/1/22,ellisbobby4ni,DFIclkYRzob,,,,,,,,,,,,
https://www.instagram.com/lucaswalter13jq/reel/DHWQP97xkYn/,0,0,36,2025/3/19,lucaswalter13jq,DHWQP97xkYn,,,,,,,,,,,,
https://www.instagram.com/griffinflorry1q0l9a/reel/DHjCw2bMu4V/,1,1,31,2025/3/24,griffinflorry1q0l9a,DHjCw2bMu4V,,,,,,,,,,,,
https://www.instagram.com/ellisbobby4ni/reel/DFS0iOQRko_/,1,1,30,2025/1/26,ellisbobby4ni,DFS0iOQRko_,,,,,,,,,,,,
https://www.instagram.com/tylerjoshuarzz/reel/DF0XmouulzL/,0,0,29,2025/2/9,tylerjoshuarzz,DF0XmouulzL,,,,,,,,,,,,
https://www.instagram.com/frankrobert4f0z/reel/DHv2Xl0Mgou/,0,0,27,2025/3/29,frankrobert4f0z,DHv2Xl0Mgou,,,,,,,,,,,,
https://www.instagram.com/frankrobert4f0z/reel/DGavfdEuBFx/,0,1,26,2025/2/23,frankrobert4f0z,DGavfdEuBFx,,,,,,,,,,,,
https://www.instagram.com/griffinflorry1q0l9a/reel/DGGPAJAu7qC/,0,1,25,2025/2/15,griffinflorry1q0l9a,DGGPAJAu7qC,,,,,,,,,,,,
https://www.instagram.com/lucaswalter13jq/reel/DHi9wzRugSy/,0,1,24,2025/3/24,lucaswalter13jq,DHi9wzRugSy,,,,,,,,,,,,
https://www.instagram.com/ellisbobby4ni/reel/DIMQtCjx5GE/,1,1,23,2025/4/9,ellisbobby4ni,DIMQtCjx5GE,,,,,,,,,,,,
https://www.instagram.com/lucaswalter13jq/reel/DH0-0fAuyUn/,0,0,22,2025/3/31,lucaswalter13jq,DH0-0fAuyUn,,,,,,,,,,,,
https://www.instagram.com/ellisbobby4ni/reel/DFwSv94RmKf/,0,0,21,2025/2/7,ellisbobby4ni,DFwSv94RmKf,,,,,,,,,,,,
https://www.instagram.com/frankrobert4f0z/reel/DFamJCUOf8A/,0,0,21,2025/1/30,frankrobert4f0z,DFamJCUOf8A,,,,,,,,,,,,
https://www.instagram.com/griffinflorry1q0l9a/reel/DIJIigrOWcF/,0,1,20,2025/4/7,griffinflorry1q0l9a,DIJIigrOWcF,,,,,,,,,,,,
https://www.instagram.com/frankrobert4f0z/reel/DIB5QECsPM7/,0,0,20,2025/4/5,frankrobert4f0z,DIB5QECsPM7,,,,,,,,,,,,
https://www.instagram.com/tylerjoshuarzz/reel/DGQep0BRpla/,0,1,20,2025/2/19,tylerjoshuarzz,DGQep0BRpla,,,,,,,,,,,,
https://www.instagram.com/tylerjoshuarzz/reel/DGLWZltODSb/,0,0,20,2025/2/17,tylerjoshuarzz,DGLWZltODSb,,,,,,,,,,,,
https://www.instagram.com/frankrobert4f0z/reel/DFnaAZxuaVw/,1,0,20,2025/2/3,frankrobert4f0z,DFnaAZxuaVw,,,,,,,,,,,,
https://www.instagram.com/ellisbobby4ni/reel/DIHDn1ExVIq/,0,0,17,2025/4/6,ellisbobby4ni,DIHDn1ExVIq,,,,,,,,,,,,
https://www.instagram.com/griffinflorry1q0l9a/reel/DH8yl0OODsf/,0,0,17,2025/4/3,griffinflorry1q0l9a,DH8yl0OODsf,,,,,,,,,,,,
https://www.instagram.com/ellisbobby4ni/reel/DGaoj8-xusM/,0,0,16,2025/2/23,ellisbobby4ni,DGaoj8-xusM,,,,,,,,,,,,
https://www.instagram.com/tylerjoshuarzz/reel/DFvN0gSuzVK/,0,2,16,2025/2/7,tylerjoshuarzz,DFvN0gSuzVK,,,,,,,,,,,,
https://www.instagram.com/frankrobert4f0z/reel/DFIcnEuOOG7/,0,0,15,2025/1/22,frankrobert4f0z,DFIcnEuOOG7,,,,,,,,,,,,
https://www.instagram.com/ellisbobby4ni/reel/DIJIilzxbMb/,0,1,14,2025/4/7,ellisbobby4ni,DIJIilzxbMb,,,,,,,,,,,,
https://www.instagram.com/frankrobert4f0z/reel/DFNuFwuuOS3/,0,3,14,2025/1/25,frankrobert4f0z,DFNuFwuuOS3,,,,,,,,,,,,
https://www.instagram.com/tylerjoshuarzz/reel/DGBM9dRujfG/,0,1,12,2025/2/13,tylerjoshuarzz,DGBM9dRujfG,,,,,,,,,,,,
https://www.instagram.com/tylerjoshuarzz/reel/DF_yLuDs-Nf/,0,0,12,2025/2/13,tylerjoshuarzz,DF_yLuDs-Nf,,,,,,,,,,,,
https://www.instagram.com/frankrobert4f0z/reel/DF46Rl6OUP8/,0,0,12,2025/2/10,frankrobert4f0z,DF46Rl6OUP8,,,,,,,,,,,,
https://www.instagram.com/frankrobert4f0z/reel/DFiT_PuuqP_/,0,2,11,2025/2/2,frankrobert4f0z,DFiT_PuuqP_,,,,,,,,,,,,
https://www.instagram.com/ellisbobby4ni/reel/DFNuF6Hxt9M/,0,0,11,2025/1/25,ellisbobby4ni,DFNuF6Hxt9M,,,,,,,,,,,,
https://www.instagram.com/tylerjoshuarzz/reel/DGQi0V0x7gr/,0,1,10,2025/2/19,tylerjoshuarzz,DGQi0V0x7gr,,,,,,,,,,,,
https://www.instagram.com/tylerjoshuarzz/reel/DF48KuAuiot/,0,0,10,2025/2/10,tylerjoshuarzz,DF48KuAuiot,,,,,,,,,,,,
https://www.instagram.com/frankrobert4f0z/reel/DGXba_RsYLy/,0,1,9,2025/2/22,frankrobert4f0z,DGXba_RsYLy,,,,,,,,,,,,
https://www.instagram.com/frankrobert4f0z/reel/DFS0qdOuBNS/,0,0,9,2025/1/26,frankrobert4f0z,DFS0qdOuBNS,,,,,,,,,,,,
https://www.instagram.com/frankrobert4f0z/reel/DFKnXhuO54G/,0,1,9,2025/1/23,frankrobert4f0z,DFKnXhuO54G,,,,,,,,,,,,
https://www.instagram.com/lucaswalter13jq/reel/DIHLI96ODIl/,0,0,8,2025/4/7,lucaswalter13jq,DIHLI96ODIl,,,,,,,,,,,,
https://www.instagram.com/frankrobert4f0z/reel/DHjCw3fssok/,0,1,8,2025/3/24,frankrobert4f0z,DHjCw3fssok,,,,,,,,,,,,
https://www.instagram.com/ellisbobby4ni/reel/DFKnYd5xoba/,1,0,8,2025/1/23,ellisbobby4ni,DFKnYd5xoba,,,,,,,,,,,,
https://www.instagram.com/frankrobert4f0z/reel/DGTJgeXOrVN/,0,1,7,2025/2/20,frankrobert4f0z,DGTJgeXOrVN,,,,,,,,,,,,
https://www.instagram.com/frankrobert4f0z/reel/DGQjoMzuQ0x/,0,3,7,2025/2/19,frankrobert4f0z,DGQjoMzuQ0x,,,,,,,,,,,,
https://www.instagram.com/tylerjoshuarzz/reel/DF2-mLLOq2T/,0,0,7,2025/2/10,tylerjoshuarzz,DF2-mLLOq2T,,,,,,,,,,,,
https://www.instagram.com/ellisbobby4ni/reel/DIB7CzLR-Fv/,,0,6,2025/4/5,ellisbobby4ni,DIB7CzLR-Fv,,,,,,,,,,,,
https://www.instagram.com/tylerjoshuarzz/reel/DGPUgU3NDD-/,0,0,6,2025/2/19,tylerjoshuarzz,DGPUgU3NDD-,,,,,,,,,,,,
https://www.instagram.com/frankrobert4f0z/reel/DFsEu-tOZyy/,1,0,6,2025/2/5,frankrobert4f0z,DFsEu-tOZyy,,,,,,,,,,,,
https://www.instagram.com/tylerjoshuarzz/reel/DF-jzhsu9WH/,0,0,5,2025/2/12,tylerjoshuarzz,DF-jzhsu9WH,,,,,,,,,,,,
https://www.instagram.com/lucaswalter13jq/reel/DFnZwMNuZ7T/,0,0,5,2025/2/3,lucaswalter13jq,DFnZwMNuZ7T,,,,,,,,,,,,
https://www.instagram.com/tylerjoshuarzz/reel/DFWcdHGMxAf/,0,0,5,2025/1/28,tylerjoshuarzz,DFWcdHGMxAf,,,,,,,,,,,,
https://www.instagram.com/ellisbobby4ni/reel/DGx-84sx5Dv/,0,0,4,2025/3/5,ellisbobby4ni,DGx-84sx5Dv,,,,,,,,,,,,
https://www.instagram.com/frankrobert4f0z/reel/DGa1jYEu28M/,0,1,4,2025/2/23,frankrobert4f0z,DGa1jYEu28M,,,,,,,,,,,,
https://www.instagram.com/ellisbobby4ni/reel/DGVygvLRVEE/,0,1,4,2025/2/21,ellisbobby4ni,DGVygvLRVEE,,,,,,,,,,,,
https://www.instagram.com/griffinflorry1q0l9a/reel/DGaoj1ZO836/,0,1,3,2025/2/23,griffinflorry1q0l9a,DGaoj1ZO836,,,,,,,,,,,,
https://www.instagram.com/ellisbobby4ni/reel/DGavfnMxjer/,0,0,3,2025/2/23,ellisbobby4ni,DGavfnMxjer,,,,,,,,,,,,
https://www.instagram.com/tylerjoshuarzz/reel/DGVwfkFOYHa/,0,0,3,2025/2/21,tylerjoshuarzz,DGVwfkFOYHa,,,,,,,,,,,,
https://www.instagram.com/tylerjoshuarzz/reel/DGQO5zDR1gL/,0,1,3,2025/2/19,tylerjoshuarzz,DGQO5zDR1gL,,,,,,,,,,,,
https://www.instagram.com/tylerjoshuarzz/reel/DGIxvKfOJN_/,0,,3,2025/2/16,tylerjoshuarzz,DGIxvKfOJN_,,,,,,,,,,,,
https://www.instagram.com/tylerjoshuarzz/reel/DFnZwPMumFC/,0,0,3,2025/2/3,tylerjoshuarzz,DFnZwPMumFC,,,,,,,,,,,,
https://www.instagram.com/griffinflorry1q0l9a/reel/DFiUGt5uplE/,0,0,3,2025/2/2,griffinflorry1q0l9a,DFiUGt5uplE,,,,,,,,,,,,
https://www.instagram.com/tylerjoshuarzz/reel/DFWcqgyMbPB/,0,0,3,2025/1/28,tylerjoshuarzz,DFWcqgyMbPB,,,,,,,,,,,,
https://www.instagram.com/lucaswalter13jq/reel/DGcMzqxNnVS/,0,0,2,2025/2/24,lucaswalter13jq,DGcMzqxNnVS,,,,,,,,,,,,
https://www.instagram.com/griffinflorry1q0l9a/reel/DGTJgu5u-zF/,0,0,2,2025/2/20,griffinflorry1q0l9a,DGTJgu5u-zF,,,,,,,,,,,,
https://www.instagram.com/lucaswalter13jq/reel/DH8yWycOv4R/,0,0,1,2025/4/3,lucaswalter13jq,DH8yWycOv4R,,,,,,,,,,,,
https://www.instagram.com/tylerjoshuarzz/reel/DGYKA0vuIWK/,0,0,1,2025/2/22,tylerjoshuarzz,DGYKA0vuIWK,,,,,,,,,,,,
https://www.instagram.com/lucaswalter13jq/reel/DGQiz1aOJuw/,0,1,1,2025/2/19,lucaswalter13jq,DGQiz1aOJuw,,,,,,,,,,,,
https://www.instagram.com/tylerjoshuarzz/reel/DFsahqPOTLm/,0,0,1,2025/2/5,tylerjoshuarzz,DFsahqPOTLm,,,,,,,,,,,,
https://www.instagram.com/frankrobert4f0z/reel/DIY9ciFMG9i/,0,0,0,2025/2/22,frankrobert4f0z,DIY9ciFMG9i,,,,,,,,,,,,
https://www.instagram.com/ellisbobby4ni/reel/DIY9ceuxMJh/,0,0,0,2025/2/19,ellisbobby4ni,DIY9ceuxMJh,,,,,,,,,,,,
https://www.instagram.com/griffinflorry1q0l9a/reel/DIY9cUGuZB1/,0,0,0,2025/2/5,griffinflorry1q0l9a,DIY9cUGuZB1,,,,,,,,,,,,
https://www.instagram.com/frankrobert4f0z/reel/DIJIieaOZKs/,0,0,0,2025/4/7,frankrobert4f0z,DIJIieaOZKs,,,,,,,,,,,,
https://www.instagram.com/lucaswalter13jq/reel/DG_MryWOsG8/,0,1,0,2025/3/10,lucaswalter13jq,DG_MryWOsG8,,,,,,,,,,,,
https://www.instagram.com/lucaswalter13jq/reel/DGBM9pvOgqn/,0,2,0,2025/2/13,lucaswalter13jq,DGBM9pvOgqn,,,,,,,,,,,,
,,,,,,,,,,,,,,,,,,
,,,,,,,,,,,,,,,,,,
,,,,,,,,,,,,,,,,,,
,,,,,,,,,,,,,,,,,,