项目名称,账号链接,粉丝总数,发帖总数,观看总量,所属区域,单帖观看Top,Top内容方向,最后更新时间,备注
Myint Gotsu,https://youtube.com/@myintgotsu?si=PvXxWnaYAAcr8OG_,427,90,1.376493e+06,YouTube,250000,12洗衣机,2025/05/16,
Bigteddybear Skitina,https://youtube.com/@bigteddybearskitina?si=BtzFsj7DWcgsCRzu,801,90,2.901006e+06,YouTube,1.79e+06,12+51+56固跳,2025/05/16,
orozcde,https://www.tiktok.com/@orozcde?_t=ZT-8teSo9QuXtK&_r=1,104,,,TikTok,549500,12自行车轮,2025/05/16,
griffinflorry1q0l9a,https://www.instagram.com/griffinflorry1q0l9a?igsh=OGQ5ZDc2ODk2ZA==,7,107,,Instagram,,,2025/05/16,
ellisbobby4ni,https://www.instagram.com/ellisbobby4ni?igsh=OGQ5ZDc2ODk2ZA==,4,113,,Instagram,,,2025/05/16,
Delimiro Orozc,https://youtube.com/@delimiroorozc?si=euHwpRUZHEHYdv_a,292,90,1.021085e+06,YouTube,410000,12+51固跳+56液跳,2025/05/16,
bigtedd69,https://www.tiktok.com/@bigtedd69?_t=ZT-8teSrISR6LO&_r=1,540,,,TikTok,335200,12+51+56固跳,2025/05/16,
myintgots,https://www.tiktok.com/@myintgots?_t=ZT-8teSsXLWPTK&_r=1,171,,,TikTok,27700,12+51固跳+56液跳,2025/05/16,
David Medeiros,https://youtube.com/@davidmedeiros-f6g?si=LFQVhyFr0tP6xM9t,173,79,445172,YouTube,72000,12+51固跳+56液跳,2025/05/16,
Stephanie Warner,https://youtube.com/@stephaniewarner-e1y?si=rlklm06wR5X1c5pU,200,72,622513,YouTube,180000,12+51+56固跳,2025/05/16,
Jean Nicole,https://youtube.com/@jeannicole-j1l?si=llKK_IBJ49wnDwZm,115,69,445172,YouTube,51000,12+51固跳,2025/05/16,
Hien Quangdai,https://youtube.com/@hienquangdai5428?si=2Hb0dIlVLZw3NpLM,0,1,242,YouTube,,,2025/05/16,
Huong Cao Thi,https://youtube.com/@huongcaothi-h9o?si=JopoysXkLFoyQzgB,,,,YouTube,,,2025/05/16,
bonoh2306017,https://www.tiktok.com/@bonoh2306017?_t=ZM-8teSjV8OFVd&_r=1,207,,,TikTok,660800,12自行车轮+水,2025/05/16,
bonoh230601,https://www.tiktok.com/@bonoh230601?_t=ZM-8teSnLslTGg&_r=1,224,,,TikTok,65100,56 vs JBL BB2,2025/05/16,
mariabjdzjo,https://www.tiktok.com/@mariabjdzjo?_t=ZM-8teSsY60IH0&_r=1,40,,,TikTok,8717,12+51+56固跳,2025/05/16,
dx68048179d,https://www.tiktok.com/@dx68048179d?_t=ZP-8wNYFFEkg0c&_r=1,6,,,TikTok,1084,12洗衣机,2025/05/16,
farbyuoljwv,https://www.tiktok.com/@farbyuoljwv?_t=ZS-8wOGejeMCFI&_r=1,2,,,TikTok,937,56 vs JBL BB2,2025/05/16,
frankrobert4f0z,https://www.instagram.com/frankrobert4f0z?igsh=OGQ5ZDc2ODk2ZA==,6,134,,Instagram,,,2025/05/16,
tylerjoshuarzz,https://www.instagram.com/tylerjoshuarzz?igsh=MTQzYTE5ODBxM2oydA%3D%3D&utm_source=qr,2,30,,Instagram,,,2025/05/16,
lucaswalter13jq,https://www.instagram.com/lucaswalter13jq?igsh=Yzc3dmRjdzFoMThz&utm_source=qr,3,91,,Instagram,,,2025/05/16,
wigginsjoshua5uydoy,https://www.instagram.com/wigginsjoshua5uydoy?igsh=MXB6YmNhNGpwZ2tseg%3D%3D&utm_source=qr,8,79,,Instagram,,,2025/05/19,
